2 0.5597189695550351 0.7091503267973857 0.5620608899297423 0.7238562091503268 0.5550351288056206 0.7271241830065359 0.5245901639344263 0.7271241830065359 0.5175644028103045 0.7254901960784313 0.5081967213114754 0.7205882352941176 0.5081967213114754 0.7156862745098039 0.522248243559719 0.7124183006535948 0.5362997658079626 0.7124183006535948 0.5386416861826698 0.7107843137254902 0.5573770491803278 0.7091503267973857
2 0.3126463700234192 0.5285947712418301 0.0585480093676815 0.05065359477124183
2 0.3114754098360656 0.44281045751633985 0.3114754098360656 0.4477124183006536 0.297423887587822 0.4526143790849673 0.2903981264637002 0.4526143790849673 0.2810304449648712 0.44607843137254904 0.297423887587822 0.44281045751633985 0.3091334894613583 0.44281045751633985
2 0.7166276346604216 0.6209150326797386 0.7189695550351288 0.6225490196078431 0.7283372365339579 0.6225490196078431 0.7259953161592506 0.6258169934640523 0.7377049180327869 0.630718954248366 0.7447306791569087 0.630718954248366 0.7517564402810304 0.6258169934640523 0.7540983606557377 0.6209150326797386 0.7681498829039812 0.6209150326797386 0.7704918032786885 0.6225490196078431 0.7704918032786885 0.6323529411764706 0.765807962529274 0.6339869281045751 0.7634660421545667 0.6405228758169934 0.7564402810304449 0.6437908496732027 0.7564402810304449 0.6486928104575164 0.7400468384074942 0.6584967320261438 0.7259953161592506 0.6584967320261438 0.7213114754098361 0.6617647058823529 0.711943793911007 0.6601307189542484 0.7049180327868853 0.6617647058823529 0.6978922716627635 0.6584967320261438 0.6885245901639344 0.6601307189542484 0.6861826697892272 0.6568627450980392 0.6791569086651054 0.6552287581699346 0.6721311475409836 0.6503267973856209 0.6721311475409836 0.6421568627450981 0.6697892271662763 0.6405228758169934 0.6721311475409836 0.6323529411764706 0.6791569086651054 0.6290849673202614 0.6908665105386417 0.6274509803921569 0.6932084309133489 0.6209150326797386 0.7002341920374707 0.6143790849673203 0.7072599531615925 0.6143790849673203 0.7142857142857143 0.6209150326797386
2 0.5480093676814989 0.4918300653594771 0.5526932084309133 0.4934640522875817 0.5526932084309133 0.49673202614379086 0.5456674473067916 0.5016339869281046 0.531615925058548 0.5032679738562091 0.522248243559719 0.5081699346405228 0.5081967213114754 0.5081699346405228 0.4964871194379391 0.511437908496732 0.48711943793911006 0.511437908496732 0.4894613583138173 0.5065359477124183 0.5105386416861827 0.5 0.5152224824355972 0.49673202614379086 0.5199063231850117 0.49673202614379086 0.5245901639344263 0.4934640522875817 0.5456674473067916 0.4918300653594771
2 0.1756440281030445 0.4526143790849673 0.18501170960187355 0.4493464052287582 0.18969555035128804 0.45588235294117646 0.20374707259953162 0.45751633986928103 0.20608899297423888 0.4591503267973856 0.20374707259953162 0.46405228758169936 0.17798594847775176 0.46568627450980393 0.18266978922716628 0.4624183006535948 0.18032786885245902 0.4591503267973856 0.18501170960187355 0.4591503267973856 0.18969555035128804 0.45588235294117646 0.18501170960187355 0.4526143790849673 0.17798594847775176 0.45588235294117646 0.17798594847775176 0.4542483660130719
2 0.4309133489461358 0.4068627450980392 0.44028103044496486 0.4117647058823529 0.4496487119437939 0.4117647058823529 0.4519906323185012 0.41013071895424835 0.4613583138173302 0.4117647058823529 0.46604215456674475 0.41013071895424835 0.48243559718969553 0.4133986928104575 0.5035128805620609 0.42810457516339867 0.5058548009367682 0.43137254901960786 0.5035128805620609 0.434640522875817 0.477751756440281 0.4362745098039216 0.468384074941452 0.43300653594771243 0.46604215456674475 0.4395424836601307 0.45901639344262296 0.43300653594771243 0.4519906323185012 0.43300653594771243 0.4309133489461358 0.4411764705882353 0.41217798594847777 0.4411764705882353 0.4098360655737705 0.4395424836601307 0.3911007025761124 0.43790849673202614 0.38875878220140514 0.43300653594771243 0.3981264637002342 0.4297385620915033 0.40749414519906324 0.42320261437908496 0.405152224824356 0.4117647058823529 0.41451990632318503 0.4084967320261438 0.42857142857142855 0.4084967320261438
2 0.7564402810304449 0.7369281045751634 0.765807962529274 0.7401960784313726 0.7681498829039812 0.7467320261437909 0.7845433255269321 0.7483660130718954 0.8173302107728337 0.7712418300653595 0.8313817330210773 0.7777777777777778 0.8360655737704918 0.7777777777777778 0.8524590163934426 0.7843137254901961 0.8618266978922716 0.7843137254901961 0.8641686182669789 0.7859477124183006 0.8641686182669789 0.7924836601307189 0.8618266978922716 0.795751633986928 0.8290398126463701 0.8022875816993464 0.8032786885245902 0.8022875816993464 0.8009367681498829 0.8006535947712419 0.7892271662763466 0.8022875816993464 0.775175644028103 0.7924836601307189 0.7681498829039812 0.7941176470588235 0.7634660421545667 0.7908496732026143 0.7564402810304449 0.7908496732026143 0.7540983606557377 0.7924836601307189 0.7540983606557377 0.7990196078431373 0.7564402810304449 0.8006535947712419 0.7540983606557377 0.8055555555555556 0.7540983606557377 0.7973856209150327 0.747072599531616 0.7941176470588235 0.7377049180327869 0.795751633986928 0.7189695550351288 0.7941176470588235 0.7166276346604216 0.795751633986928 0.7236533957845434 0.7990196078431373 0.7213114754098361 0.8088235294117647 0.7049180327868853 0.8071895424836601 0.7049180327868853 0.8055555555555556 0.7142857142857143 0.803921568627451 0.7166276346604216 0.7908496732026143 0.702576112412178 0.7810457516339869 0.6932084309133489 0.7826797385620915 0.6885245901639344 0.7794117647058824 0.667447306791569 0.7810457516339869 0.6557377049180327 0.7777777777777778 0.6463700234192038 0.7777777777777778 0.639344262295082 0.7745098039215687 0.639344262295082 0.7696078431372549 0.6440281030444965 0.7647058823529411 0.6533957845433255 0.7630718954248366 0.6604215456674473 0.7581699346405228 0.6627634660421545 0.7598039215686274 0.6721311475409836 0.7450980392156863 0.6885245901639344 0.7369281045751634 0.702576112412178 0.7369281045751634 0.7049180327868853 0.7352941176470589 0.7330210772833724 0.7369281045751634 0.7353629976580797 0.738562091503268 0.7540983606557377 0.7369281045751634
2 0.4894613583138173 0.4199346405228758 0.5035128805620609 0.42810457516339867 0.5058548009367682 0.43137254901960786 0.5035128805620609 0.434640522875817 0.4847775175644028 0.434640522875817 0.47540983606557374 0.4297385620915033 0.47306791569086654 0.42483660130718953 0.48009367681498827 0.4199346405228758 0.48711943793911006 0.4199346405228758
2 0.16393442622950818 0.434640522875817 0.1756440281030445 0.4297385620915033 0.19437939110070257 0.43137254901960786 0.19672131147540983 0.43790849673202614 0.1686182669789227 0.4362745098039216 0.16627634660421545 0.434640522875817
2 0.8969555035128806 0.23529411764705882 0.8992974238875878 0.2369281045751634 0.9250585480093677 0.2369281045751634 0.9344262295081968 0.23366013071895425 0.9929742388758782 0.23202614379084968 0.9976580796252927 0.2369281045751634 0.9953161592505855 0.24509803921568626 0.990632318501171 0.24836601307189543 0.9695550351288056 0.25 0.9601873536299765 0.25326797385620914 0.9461358313817331 0.25326797385620914 0.9297423887587822 0.2581699346405229 0.8946135831381733 0.25980392156862747 0.8805620608899297 0.2630718954248366 0.8758782201405152 0.26633986928104575 0.8665105386416861 0.26633986928104575 0.8641686182669789 0.2679738562091503 0.8618266978922716 0.26633986928104575 0.8524590163934426 0.2696078431372549 0.8360655737704918 0.27124183006535946 0.8290398126463701 0.2761437908496732 0.8290398126463701 0.27941176470588236 0.8384074941451991 0.28104575163398693 0.8384074941451991 0.28431372549019607 0.8313817330210773 0.28594771241830064 0.8243559718969555 0.28431372549019607 0.819672131147541 0.272875816993464 0.8126463700234192 0.2777777777777778 0.8079625292740047 0.2761437908496732 0.8009367681498829 0.27941176470588236 0.7939110070257611 0.27941176470588236 0.7915690866510539 0.27450980392156865 0.7845433255269321 0.2777777777777778 0.775175644028103 0.2777777777777778 0.7681498829039812 0.2826797385620915 0.7634660421545667 0.2826797385620915 0.7587822014051522 0.27941176470588236 0.7400468384074942 0.28104575163398693 0.7236533957845434 0.2761437908496732 0.711943793911007 0.27941176470588236 0.667447306791569 0.27941176470588236 0.6627634660421545 0.2777777777777778 0.6604215456674473 0.27941176470588236 0.6440281030444965 0.27941176470588236 0.6416861826697893 0.28104575163398693 0.6276346604215457 0.27941176470588236 0.6276346604215457 0.2777777777777778 0.6416861826697893 0.2696078431372549 0.6533957845433255 0.26633986928104575 0.6768149882903981 0.2647058823529412 0.6978922716627635 0.25980392156862747 0.7166276346604216 0.25980392156862747 0.7400468384074942 0.25326797385620914 0.7634660421545667 0.25326797385620914 0.765807962529274 0.25163398692810457 0.7985948477751756 0.25163398692810457 0.8009367681498829 0.25326797385620914 0.8384074941451991 0.24183006535947713 0.8758782201405152 0.24019607843137256 0.8946135831381733 0.23529411764705882
2 0.22716627634660422 0.37745098039215685 0.23653395784543327 0.38235294117647056 0.23653395784543327 0.38562091503267976 0.21779859484777517 0.3937908496732026 0.18969555035128804 0.39705882352941174 0.1873536299765808 0.39052287581699346 0.18969555035128804 0.3888888888888889 0.19437939110070257 0.39052287581699346 0.20843091334894615 0.3888888888888889 0.22482435597189696 0.38235294117647056 0.22716627634660422 0.3790849673202614
2 0.7423887587822015 0.7369281045751634 0.7494145199063232 0.7369281045751634 0.7587822014051522 0.7401960784313726 0.7517564402810304 0.7434640522875817 0.7681498829039812 0.7549019607843137 0.7728337236533958 0.761437908496732 0.7775175644028103 0.7630718954248366 0.7822014051522248 0.7728758169934641 0.7798594847775175 0.7810457516339869 0.765807962529274 0.7875816993464052 0.7704918032786885 0.7924836601307189 0.765807962529274 0.8022875816993464 0.775175644028103 0.8137254901960784 0.775175644028103 0.8169934640522876 0.7798594847775175 0.8202614379084967 0.7728337236533958 0.8202614379084967 0.7564402810304449 0.8316993464052288 0.7564402810304449 0.8382352941176471 0.7494145199063232 0.8447712418300654 0.7494145199063232 0.8529411764705882 0.7634660421545667 0.8709150326797386 0.7798594847775175 0.880718954248366 0.7845433255269321 0.8872549019607843 0.7845433255269321 0.8954248366013072 0.7822014051522248 0.8970588235294118 0.7845433255269321 0.8986928104575164 0.7868852459016393 0.9215686274509803 0.7915690866510539 0.9281045751633987 0.7892271662763466 0.9264705882352942 0.7798594847775175 0.934640522875817 0.7845433255269321 0.9395424836601307 0.7915690866510539 0.934640522875817 0.7985948477751756 0.9395424836601307 0.8009367681498829 0.9379084967320261 0.8079625292740047 0.9395424836601307 0.8126463700234192 0.934640522875817 0.819672131147541 0.9395424836601307 0.8266978922716628 0.9411764705882353 0.8290398126463701 0.9395424836601307 0.8337236533957846 0.9411764705882353 0.8407494145199064 0.9395424836601307 0.8501170960187353 0.9444444444444444 0.8501170960187353 0.9509803921568627 0.8407494145199064 0.9558823529411765 0.8313817330210773 0.9575163398692811 0.8290398126463701 0.9558823529411765 0.8126463700234192 0.9558823529411765 0.810304449648712 0.954248366013072 0.8032786885245902 0.9558823529411765 0.7985948477751756 0.9591503267973857 0.7985948477751756 0.9656862745098039 0.8032786885245902 0.9722222222222222 0.7985948477751756 0.9754901960784313 0.7775175644028103 0.9754901960784313 0.775175644028103 0.9771241830065359 0.7611241217798594 0.9771241830065359 0.7517564402810304 0.9803921568627451 0.7377049180327869 0.9803921568627451 0.7377049180327869 0.9787581699346405 0.7447306791569087 0.9771241830065359 0.7423887587822015 0.9738562091503268 0.7353629976580797 0.9722222222222222 0.7259953161592506 0.9738562091503268 0.7236533957845434 0.9705882352941176 0.7072599531615925 0.9705882352941176 0.702576112412178 0.9689542483660131 0.6791569086651054 0.9558823529411765 0.6744730679156908 0.946078431372549 0.6557377049180327 0.946078431372549 0.6440281030444965 0.9428104575163399 0.629976580796253 0.9330065359477124 0.629976580796253 0.9248366013071896 0.6370023419203747 0.9133986928104575 0.6557377049180327 0.9052287581699346 0.6744730679156908 0.9052287581699346 0.6932084309133489 0.9101307189542484 0.6932084309133489 0.9133986928104575 0.702576112412178 0.9166666666666666 0.7002341920374707 0.9215686274509803 0.7049180327868853 0.923202614379085 0.711943793911007 0.9166666666666666 0.702576112412178 0.9084967320261438 0.6978922716627635 0.9117647058823529 0.6978922716627635 0.9052287581699346 0.7049180327868853 0.8986928104575164 0.7072599531615925 0.8921568627450981 0.7049180327868853 0.8905228758169934 0.6978922716627635 0.8986928104575164 0.6885245901639344 0.8970588235294118 0.6791569086651054 0.9003267973856209 0.6744730679156908 0.8970588235294118 0.667447306791569 0.8970588235294118 0.6651053864168618 0.8888888888888888 0.667447306791569 0.8905228758169934 0.6744730679156908 0.8888888888888888 0.6768149882903981 0.8872549019607843 0.6744730679156908 0.8823529411764706 0.667447306791569 0.8823529411764706 0.6627634660421545 0.8856209150326797 0.6604215456674473 0.8823529411764706 0.6533957845433255 0.8872549019607843 0.6487119437939111 0.8856209150326797 0.6510538641686182 0.8774509803921569 0.6463700234192038 0.8676470588235294 0.6533957845433255 0.869281045751634 0.6557377049180327 0.8627450980392157 0.6533957845433255 0.8611111111111112 0.6487119437939111 0.8643790849673203 0.6416861826697893 0.8627450980392157 0.6323185011709602 0.8562091503267973 0.6206088992974239 0.8529411764705882 0.6112412177985949 0.8415032679738562 0.6065573770491803 0.8447712418300654 0.6018735362997658 0.8382352941176471 0.6042154566744731 0.8349673202614379 0.6042154566744731 0.8382352941176471 0.6112412177985949 0.8415032679738562 0.6159250585480094 0.8382352941176471 0.6182669789227166 0.826797385620915 0.6276346604215457 0.8251633986928104 0.639344262295082 0.8186274509803921 0.6604215456674473 0.8169934640522876 0.6651053864168618 0.8137254901960784 0.6814988290398126 0.8202614379084967 0.6955503512880562 0.8169934640522876 0.6908665105386417 0.8120915032679739 0.6885245901639344 0.815359477124183 0.6814988290398126 0.8104575163398693 0.6885245901639344 0.8022875816993464 0.6885245901639344 0.795751633986928 0.6908665105386417 0.8006535947712419 0.6955503512880562 0.7973856209150327 0.6908665105386417 0.7908496732026143 0.6908665105386417 0.7843137254901961 0.6932084309133489 0.7810457516339869 0.7002341920374707 0.7810457516339869 0.702576112412178 0.7777777777777778 0.7002341920374707 0.7761437908496732 0.6955503512880562 0.7777777777777778 0.6932084309133489 0.7761437908496732 0.6885245901639344 0.7777777777777778 0.6838407494145199 0.7761437908496732 0.6908665105386417 0.7712418300653595 0.6885245901639344 0.7647058823529411 0.6791569086651054 0.7696078431372549 0.6721311475409836 0.7696078431372549 0.667447306791569 0.7728758169934641 0.6651053864168618 0.7712418300653595 0.667447306791569 0.7679738562091504 0.6721311475409836 0.7679738562091504 0.6768149882903981 0.7647058823529411 0.6768149882903981 0.761437908496732 0.6721311475409836 0.7581699346405228 0.6744730679156908 0.7434640522875817 0.6908665105386417 0.7369281045751634 0.7049180327868853 0.7369281045751634 0.7072599531615925 0.7352941176470589 0.7259953161592506 0.7369281045751634 0.7283372365339579 0.738562091503268 0.7259953161592506 0.7434640522875817 0.7400468384074942 0.7532679738562091 0.7540983606557377 0.75 0.7447306791569087 0.7450980392156863 0.7400468384074942 0.7483660130718954 0.7353629976580797 0.7401960784313726 0.7423887587822015 0.738562091503268
2 0.45901639344262296 0.5735294117647058 0.4637002341920375 0.5735294117647058 0.46604215456674475 0.5784313725490197 0.47540983606557374 0.5849673202614379 0.4894613583138173 0.5882352941176471 0.49414519906323184 0.5947712418300654 0.49414519906323184 0.6013071895424836 0.4964871194379391 0.6029411764705882 0.5035128805620609 0.6013071895424836 0.5128805620608899 0.6094771241830066 0.5128805620608899 0.6160130718954249 0.5011709601873536 0.619281045751634 0.4964871194379391 0.6225490196078431 0.4964871194379391 0.6258169934640523 0.4847775175644028 0.6258169934640523 0.477751756440281 0.6209150326797386 0.4707259953161593 0.6209150326797386 0.46604215456674475 0.6241830065359477 0.4613583138173302 0.6209150326797386 0.4379391100702576 0.6209150326797386 0.4332552693208431 0.619281045751634 0.42857142857142855 0.6045751633986928 0.4449648711943794 0.5849673202614379 0.4426229508196721 0.5816993464052288 0.4519906323185012 0.5833333333333334 0.45901639344262296 0.5784313725490197 0.45901639344262296 0.5751633986928104
2 0.29508196721311475 0.3627450980392157 0.2927400468384075 0.369281045751634 0.2810304449648712 0.3758169934640523 0.27634660421545665 0.3741830065359477 0.25995316159250587 0.3758169934640523 0.2576112412177986 0.37254901960784315 0.2716627634660422 0.3627450980392157 0.2927400468384075 0.3627450980392157
2 0.6604215456674473 0.5310457516339869 0.6627634660421545 0.5326797385620915 0.6604215456674473 0.5343137254901961 0.6627634660421545 0.5392156862745098 0.6604215456674473 0.5424836601307189 0.6651053864168618 0.545751633986928 0.6721311475409836 0.545751633986928 0.6768149882903981 0.5392156862745098 0.6908665105386417 0.5424836601307189 0.6885245901639344 0.545751633986928 0.6697892271662763 0.5473856209150327 0.667447306791569 0.5490196078431373 0.6697892271662763 0.5506535947712419 0.6768149882903981 0.5506535947712419 0.6814988290398126 0.5555555555555556 0.6861826697892272 0.5522875816993464 0.6908665105386417 0.5522875816993464 0.6978922716627635 0.5588235294117647 0.711943793911007 0.5604575163398693 0.7236533957845434 0.5686274509803921 0.7259953161592506 0.5669934640522876 0.7330210772833724 0.5686274509803921 0.7377049180327869 0.5637254901960784 0.747072599531616 0.5604575163398693 0.7564402810304449 0.5604575163398693 0.7634660421545667 0.5686274509803921 0.7681498829039812 0.5669934640522876 0.7728337236533958 0.5718954248366013 0.7822014051522248 0.5718954248366013 0.7915690866510539 0.5751633986928104 0.8009367681498829 0.5915032679738562 0.8009367681498829 0.5980392156862745 0.7868852459016393 0.6078431372549019 0.775175644028103 0.6111111111111112 0.7775175644028103 0.6225490196078431 0.7845433255269321 0.6274509803921569 0.7704918032786885 0.6405228758169934 0.7681498829039812 0.6535947712418301 0.7564402810304449 0.6535947712418301 0.7540983606557377 0.6519607843137255 0.747072599531616 0.6552287581699346 0.7423887587822015 0.6535947712418301 0.7330210772833724 0.6568627450980392 0.7259953161592506 0.6568627450980392 0.7259953161592506 0.6503267973856209 0.7236533957845434 0.6486928104575164 0.7166276346604216 0.6568627450980392 0.7096018735362998 0.6568627450980392 0.7002341920374707 0.6535947712418301 0.6861826697892272 0.6535947712418301 0.6814988290398126 0.6503267973856209 0.6768149882903981 0.6503267973856209 0.6791569086651054 0.6470588235294118 0.6768149882903981 0.6454248366013072 0.6768149882903981 0.6339869281045751 0.6744730679156908 0.6323529411764706 0.6768149882903981 0.6290849673202614 0.6744730679156908 0.6160130718954249 0.6814988290398126 0.6225490196078431 0.6814988290398126 0.6258169934640523 0.6838407494145199 0.6274509803921569 0.6885245901639344 0.6258169934640523 0.6861826697892272 0.6241830065359477 0.6885245901639344 0.619281045751634 0.6838407494145199 0.6111111111111112 0.6838407494145199 0.6045751633986928 0.6744730679156908 0.5996732026143791 0.6721311475409836 0.6013071895424836 0.6697892271662763 0.5996732026143791 0.667447306791569 0.5898692810457516 0.6533957845433255 0.5800653594771242 0.6440281030444965 0.5784313725490197 0.6346604215456675 0.5800653594771242 0.6276346604215457 0.576797385620915 0.6323185011709602 0.5718954248366013 0.6440281030444965 0.5735294117647058 0.6463700234192038 0.5702614379084967 0.6487119437939111 0.576797385620915 0.65807962529274 0.5833333333333334 0.667447306791569 0.5833333333333334 0.6697892271662763 0.5816993464052288 0.6510538641686182 0.5718954248366013 0.6463700234192038 0.5620915032679739 0.6370023419203747 0.5637254901960784 0.6206088992974239 0.5604575163398693 0.6182669789227166 0.5571895424836601 0.6206088992974239 0.5506535947712419 0.629976580796253 0.5506535947712419 0.6463700234192038 0.5424836601307189 0.6416861826697893 0.5392156862745098 0.6416861826697893 0.5326797385620915 0.6510538641686182 0.5343137254901961 0.6604215456674473 0.5326797385620915
2 0.6932084309133489 0.8545751633986928 0.7142857142857143 0.8611111111111112 0.7330210772833724 0.8741830065359477 0.7330210772833724 0.8790849673202614 0.7236533957845434 0.8823529411764706 0.6885245901639344 0.880718954248366 0.6721311475409836 0.8758169934640523 0.6627634660421545 0.869281045751634 0.6604215456674473 0.8660130718954249 0.6627634660421545 0.8627450980392157 0.6744730679156908 0.8611111111111112 0.6838407494145199 0.8545751633986928 0.6908665105386417 0.8545751633986928
2 0.32786885245901637 0.42483660130718953 0.33021077283372363 0.42810457516339867 0.31381733021077285 0.434640522875817 0.30210772833723654 0.43300653594771243 0.2997658079625293 0.42810457516339867 0.3044496487119438 0.42483660130718953 0.3255269320843091 0.42483660130718953
2 0.36768149882903983 0.37254901960784315 0.3747072599531616 0.3660130718954248 0.3911007025761124 0.3660130718954248 0.39344262295081966 0.3709150326797386 0.4168618266978923 0.3709150326797386 0.41920374707259955 0.37254901960784315 0.41451990632318503 0.380718954248366 0.405152224824356 0.38235294117647056 0.40749414519906324 0.3872549019607843 0.3911007025761124 0.3954248366013072 0.36533957845433257 0.40032679738562094 0.3629976580796253 0.39705882352941174 0.38173302107728335 0.3839869281045752 0.3793911007025761 0.37745098039215685 0.3700234192037471 0.37254901960784315
2 0.6533957845433255 0.5506535947712419 0.65807962529274 0.5555555555555556 0.6557377049180327 0.5604575163398693 0.639344262295082 0.5637254901960784 0.6206088992974239 0.5604575163398693 0.6182669789227166 0.553921568627451 0.6416861826697893 0.545751633986928 0.6510538641686182 0.5506535947712419
2 0.1592505854800937 0.4722222222222222 0.17330210772833723 0.4673202614379085 0.18969555035128804 0.4673202614379085 0.19437939110070257 0.4722222222222222 0.19437939110070257 0.477124183006536 0.18969555035128804 0.4803921568627451 0.1756440281030445 0.47875816993464054 0.1592505854800937 0.4738562091503268
2 0.2810304449648712 0.47549019607843135 0.30210772833723654 0.4673202614379085 0.3044496487119438 0.47058823529411764 0.2997658079625293 0.4738562091503268 0.30679156908665106 0.477124183006536 0.2997658079625293 0.4803921568627451 0.31381733021077285 0.48366013071895425 0.3044496487119438 0.49836601307189543 0.2903981264637002 0.49836601307189543 0.27400468384074944 0.4869281045751634 0.27400468384074944 0.4820261437908497 0.2810304449648712 0.477124183006536
2 0.25995316159250587 0.3758169934640523 0.27634660421545665 0.3790849673202614 0.28805620608899296 0.3888888888888889 0.2997658079625293 0.39052287581699346 0.2997658079625293 0.3937908496732026 0.2927400468384075 0.39705882352941174 0.2903981264637002 0.3954248366013072 0.27634660421545665 0.3954248366013072 0.27400468384074944 0.39705882352941174 0.2786885245901639 0.40522875816993464 0.27400468384074944 0.4068627450980392 0.2646370023419204 0.4035947712418301 0.2529274004683841 0.4068627450980392 0.2576112412177986 0.39705882352941174 0.26229508196721313 0.3937908496732026 0.25526932084309134 0.3888888888888889 0.26229508196721313 0.38562091503267976 0.2646370023419204 0.380718954248366 0.26229508196721313 0.3758169934640523
2 0.36533957845433257 0.6454248366013072 0.3747072599531616 0.6535947712418301 0.3957845433255269 0.6519607843137255 0.4168618266978923 0.6454248366013072 0.4379391100702576 0.6454248366013072 0.44730679156908665 0.6486928104575164 0.4449648711943794 0.6535947712418301 0.44730679156908665 0.6715686274509803 0.4449648711943794 0.673202614379085 0.43559718969555034 0.673202614379085 0.4332552693208431 0.6748366013071896 0.3957845433255269 0.673202614379085 0.38875878220140514 0.6781045751633987 0.3840749414519906 0.6781045751633987 0.3840749414519906 0.6748366013071896 0.3911007025761124 0.6699346405228758 0.38875878220140514 0.6666666666666666 0.38173302107728335 0.6699346405228758 0.3793911007025761 0.6666666666666666 0.3747072599531616 0.6683006535947712 0.3700234192037471 0.6650326797385621 0.36533957845433257 0.6650326797385621 0.36065573770491804 0.6683006535947712 0.3629976580796253 0.6764705882352942 0.3559718969555035 0.6764705882352942 0.34894613583138173 0.6715686274509803 0.34660421545667447 0.673202614379085 0.3255269320843091 0.673202614379085 0.32084309133489464 0.6715686274509803 0.3185011709601874 0.6650326797385621 0.3231850117096019 0.6601307189542484 0.34192037470725994 0.6503267973856209 0.3559718969555035 0.6454248366013072 0.3629976580796253 0.6454248366013072
2 0.1873536299765808 0.4035947712418301 0.19437939110070257 0.39052287581699346 0.20374707259953162 0.39052287581699346 0.22014051522248243 0.38562091503267976 0.22716627634660422 0.38562091503267976 0.22482435597189696 0.40032679738562094 0.2224824355971897 0.4019607843137255 0.2107728337236534 0.4068627450980392 0.18969555035128804 0.4035947712418301
2 0.28805620608899296 0.47549019607843135 0.2903981264637002 0.477124183006536 0.2997658079625293 0.477124183006536 0.2997658079625293 0.4803921568627451 0.3091334894613583 0.48366013071895425 0.3091334894613583 0.4934640522875817 0.3161592505854801 0.5032679738562091 0.3372365339578454 0.5049019607843137 0.33489461358313816 0.5098039215686274 0.32084309133489464 0.5147058823529411 0.3231850117096019 0.5163398692810458 0.3231850117096019 0.5261437908496732 0.31381733021077285 0.5326797385620915 0.31381733021077285 0.5359477124183006 0.3255269320843091 0.5408496732026143 0.3255269320843091 0.5506535947712419 0.3114754098360656 0.5604575163398693 0.2576112412177986 0.5604575163398693 0.2529274004683841 0.5588235294117647 0.2529274004683841 0.5522875816993464 0.25995316159250587 0.5490196078431373 0.26229508196721313 0.5441176470588235 0.27634660421545665 0.5375816993464052 0.28337236533957844 0.5375816993464052 0.2903981264637002 0.5326797385620915 0.2810304449648712 0.5245098039215687 0.2786885245901639 0.5147058823529411 0.28337236533957844 0.511437908496732 0.2903981264637002 0.511437908496732 0.3044496487119438 0.5049019607843137 0.30210772833723654 0.5016339869281046 0.28337236533957844 0.49836601307189543 0.2716627634660422 0.4869281045751634 0.2716627634660422 0.48366013071895425 0.2857142857142857 0.47549019607843135
2 0.6510538641686182 0.8186274509803921 0.6533957845433255 0.8202614379084967 0.6627634660421545 0.8186274509803921 0.6814988290398126 0.8235294117647058 0.7002341920374707 0.8235294117647058 0.7142857142857143 0.8284313725490197 0.7213114754098361 0.8349673202614379 0.7166276346604216 0.8382352941176471 0.711943793911007 0.8382352941176471 0.6838407494145199 0.8496732026143791 0.6721311475409836 0.8496732026143791 0.65807962529274 0.8529411764705882 0.6252927400468384 0.8529411764705882 0.6182669789227166 0.8496732026143791 0.6159250585480094 0.8415032679738562 0.6276346604215457 0.826797385620915 0.6487119437939111 0.8202614379084967
2 0.6744730679156908 0.5571895424836601 0.6768149882903981 0.5588235294117647 0.6814988290398126 0.5571895424836601 0.6838407494145199 0.5588235294117647 0.6932084309133489 0.5588235294117647 0.7002341920374707 0.5604575163398693 0.7049180327868853 0.565359477124183 0.711943793911007 0.5669934640522876 0.7142857142857143 0.565359477124183 0.7189695550351288 0.576797385620915 0.7306791569086651 0.5751633986928104 0.7400468384074942 0.5686274509803921 0.7377049180327869 0.5637254901960784 0.7447306791569087 0.5604575163398693 0.7540983606557377 0.5604575163398693 0.7587822014051522 0.5637254901960784 0.7587822014051522 0.5718954248366013 0.765807962529274 0.5735294117647058 0.7587822014051522 0.5751633986928104 0.7587822014051522 0.5816993464052288 0.7540983606557377 0.5833333333333334 0.7494145199063232 0.5784313725490197 0.7400468384074942 0.5784313725490197 0.7377049180327869 0.576797385620915 0.7330210772833724 0.576797385620915 0.7306791569086651 0.5816993464052288 0.7517564402810304 0.5882352941176471 0.7540983606557377 0.5866013071895425 0.7564402810304449 0.5931372549019608 0.7517564402810304 0.5947712418300654 0.7587822014051522 0.5980392156862745 0.7611241217798594 0.5964052287581699 0.7634660421545667 0.5996732026143791 0.7681498829039812 0.5980392156862745 0.765807962529274 0.5915032679738562 0.7681498829039812 0.5898692810457516 0.7704918032786885 0.5915032679738562 0.7681498829039812 0.5931372549019608 0.7681498829039812 0.5996732026143791 0.7587822014051522 0.6062091503267973 0.7400468384074942 0.6062091503267973 0.7306791569086651 0.6078431372549019 0.7283372365339579 0.6111111111111112 0.7330210772833724 0.6143790849673203 0.7494145199063232 0.6111111111111112 0.7564402810304449 0.6143790849673203 0.7704918032786885 0.6143790849673203 0.7822014051522248 0.6209150326797386 0.7845433255269321 0.6274509803921569 0.7798594847775175 0.6290849673202614 0.7775175644028103 0.6339869281045751 0.7704918032786885 0.6356209150326797 0.7704918032786885 0.6535947712418301 0.7681498829039812 0.6552287581699346 0.7564402810304449 0.6552287581699346 0.7540983606557377 0.6568627450980392 0.7517564402810304 0.6552287581699346 0.7494145199063232 0.6568627450980392 0.7587822014051522 0.6683006535947712 0.7611241217798594 0.6699346405228758 0.765807962529274 0.6683006535947712 0.7611241217798594 0.6699346405228758 0.7517564402810304 0.6683006535947712 0.747072599531616 0.673202614379085 0.7377049180327869 0.6748366013071896 0.7306791569086651 0.6797385620915033 0.7306791569086651 0.6830065359477124 0.7447306791569087 0.6944444444444444 0.747072599531616 0.6911764705882353 0.7494145199063232 0.6944444444444444 0.747072599531616 0.6977124183006536 0.7447306791569087 0.6944444444444444 0.7400468384074942 0.6977124183006536 0.7447306791569087 0.704248366013072 0.7517564402810304 0.704248366013072 0.7611241217798594 0.7009803921568627 0.7564402810304449 0.6911764705882353 0.7611241217798594 0.6879084967320261 0.7587822014051522 0.684640522875817 0.7704918032786885 0.684640522875817 0.7845433255269321 0.696078431372549 0.7915690866510539 0.6977124183006536 0.7915690866510539 0.7009803921568627 0.7985948477751756 0.7058823529411765 0.8056206088992974 0.7058823529411765 0.8079625292740047 0.7091503267973857 0.8032786885245902 0.7124183006535948 0.7868852459016393 0.7124183006535948 0.7845433255269321 0.7107843137254902 0.7822014051522248 0.7124183006535948 0.7634660421545667 0.7124183006535948 0.7540983606557377 0.7156862745098039 0.7447306791569087 0.7140522875816994 0.7423887587822015 0.7156862745098039 0.7236533957845434 0.7156862745098039 0.7049180327868853 0.7189542483660131 0.6908665105386417 0.7189542483660131 0.6838407494145199 0.7140522875816994 0.6814988290398126 0.7091503267973857 0.6838407494145199 0.7026143790849673 0.6978922716627635 0.696078431372549 0.6908665105386417 0.6879084967320261 0.6932084309133489 0.6781045751633987 0.6978922716627635 0.6781045751633987 0.702576112412178 0.6748366013071896 0.7072599531615925 0.6666666666666666 0.7049180327868853 0.6601307189542484 0.6932084309133489 0.6552287581699346 0.6908665105386417 0.6601307189542484 0.6955503512880562 0.6699346405228758 0.6908665105386417 0.6715686274509803 0.6885245901639344 0.6584967320261438 0.6838407494145199 0.6568627450980392 0.6814988290398126 0.6601307189542484 0.6744730679156908 0.6503267973856209 0.6768149882903981 0.6372549019607843 0.6721311475409836 0.6339869281045751 0.6768149882903981 0.6290849673202614 0.6768149882903981 0.6241830065359477 0.6791569086651054 0.6225490196078431 0.6838407494145199 0.6274509803921569 0.6885245901639344 0.6274509803921569 0.6908665105386417 0.6258169934640523 0.6885245901639344 0.6209150326797386 0.6955503512880562 0.6143790849673203 0.6932084309133489 0.6127450980392157 0.6955503512880562 0.6111111111111112 0.6978922716627635 0.6143790849673203 0.7002341920374707 0.6094771241830066 0.6955503512880562 0.6062091503267973 0.6908665105386417 0.6062091503267973 0.6814988290398126 0.5996732026143791 0.6838407494145199 0.5915032679738562 0.6744730679156908 0.5849673202614379 0.6721311475409836 0.5866013071895425 0.667447306791569 0.5849673202614379 0.6744730679156908 0.5784313725490197 0.6697892271662763 0.5751633986928104 0.667447306791569 0.576797385620915 0.65807962529274 0.5735294117647058 0.65807962529274 0.5669934640522876 0.6651053864168618 0.5637254901960784 0.667447306791569 0.5588235294117647 0.6721311475409836 0.5588235294117647
2 0.45901639344262296 0.5735294117647058 0.4637002341920375 0.5751633986928104 0.4707259953161593 0.5866013071895425 0.48009367681498827 0.5866013071895425 0.4894613583138173 0.5915032679738562 0.4918032786885246 0.6045751633986928 0.4964871194379391 0.6078431372549019 0.5035128805620609 0.6029411764705882 0.5128805620608899 0.6111111111111112 0.5128805620608899 0.6143790849673203 0.5081967213114754 0.6176470588235294 0.49882903981264637 0.619281045751634 0.49414519906323184 0.6258169934640523 0.4894613583138173 0.6274509803921569 0.47540983606557374 0.6209150326797386 0.468384074941452 0.6241830065359477 0.4637002341920375 0.6241830065359477 0.45901639344262296 0.6209150326797386 0.4519906323185012 0.6209150326797386 0.4449648711943794 0.6225490196078431 0.4426229508196721 0.6258169934640523 0.4309133489461358 0.6258169934640523 0.41920374707259955 0.6225490196078431 0.41451990632318503 0.6176470588235294 0.4238875878220141 0.6127450980392157 0.4238875878220141 0.6062091503267973 0.44028103044496486 0.5915032679738562 0.4426229508196721 0.5882352941176471 0.44028103044496486 0.5816993464052288 0.44730679156908665 0.5800653594771242 0.4519906323185012 0.5833333333333334 0.45901639344262296 0.5784313725490197 0.45901639344262296 0.5751633986928104
2 0.7259953161592506 0.7336601307189542 0.7306791569086651 0.7369281045751634 0.7330210772833724 0.7352941176470589 0.7377049180327869 0.7369281045751634 0.7423887587822015 0.7336601307189542 0.747072599531616 0.7336601307189542 0.7494145199063232 0.7369281045751634 0.7587822014051522 0.7352941176470589 0.7587822014051522 0.738562091503268 0.7634660421545667 0.7401960784313726 0.7634660421545667 0.7483660130718954 0.7681498829039812 0.7532679738562091 0.775175644028103 0.7532679738562091 0.7775175644028103 0.7483660130718954 0.7845433255269321 0.7483660130718954 0.810304449648712 0.7679738562091504 0.8056206088992974 0.7712418300653595 0.8079625292740047 0.7745098039215687 0.810304449648712 0.7761437908496732 0.8126463700234192 0.7745098039215687 0.819672131147541 0.7761437908496732 0.8126463700234192 0.7859477124183006 0.8126463700234192 0.7924836601307189 0.8149882903981265 0.7941176470588235 0.8220140515222483 0.7941176470588235 0.8313817330210773 0.7875816993464052 0.8266978922716628 0.7826797385620915 0.8290398126463701 0.7794117647058824 0.8337236533957846 0.7794117647058824 0.8360655737704918 0.7826797385620915 0.8407494145199064 0.7810457516339869 0.8548009367681498 0.7892156862745098 0.8548009367681498 0.7924836601307189 0.8477751756440282 0.795751633986928 0.8430913348946136 0.7941176470588235 0.8384074941451991 0.7990196078431373 0.8266978922716628 0.8006535947712419 0.8220140515222483 0.803921568627451 0.8220140515222483 0.8071895424836601 0.8173302107728337 0.8055555555555556 0.8126463700234192 0.8071895424836601 0.810304449648712 0.8006535947712419 0.8056206088992974 0.8006535947712419 0.7892271662763466 0.7924836601307189 0.7822014051522248 0.7941176470588235 0.7798594847775175 0.7924836601307189 0.7822014051522248 0.7859477124183006 0.7798594847775175 0.7843137254901961 0.775175644028103 0.7875816993464052 0.7704918032786885 0.7859477124183006 0.765807962529274 0.7892156862745098 0.7681498829039812 0.7924836601307189 0.7611241217798594 0.7924836601307189 0.7564402810304449 0.795751633986928 0.7634660421545667 0.7990196078431373 0.765807962529274 0.8186274509803921 0.7681498829039812 0.8202614379084967 0.765807962529274 0.8218954248366013 0.7587822014051522 0.8202614379084967 0.7517564402810304 0.8284313725490197 0.747072599531616 0.8300653594771242 0.7423887587822015 0.8284313725490197 0.7400468384074942 0.8300653594771242 0.747072599531616 0.8382352941176471 0.7540983606557377 0.8366013071895425 0.7517564402810304 0.8431372549019608 0.7447306791569087 0.8464052287581699 0.7400468384074942 0.8464052287581699 0.7377049180327869 0.8431372549019608 0.7330210772833724 0.8464052287581699 0.7283372365339579 0.8447712418300654 0.7353629976580797 0.8415032679738562 0.7377049180327869 0.8349673202614379 0.7377049180327869 0.8316993464052288 0.7330210772833724 0.8284313725490197 0.7330210772833724 0.8235294117647058 0.7236533957845434 0.8218954248366013 0.7189695550351288 0.8251633986928104 0.7189695550351288 0.8333333333333334 0.7259953161592506 0.8382352941176471 0.7236533957845434 0.8431372549019608 0.7166276346604216 0.8480392156862745 0.711943793911007 0.8480392156862745 0.7072599531615925 0.8529411764705882 0.711943793911007 0.8562091503267973 0.7189695550351288 0.8545751633986928 0.7236533957845434 0.8643790849673203 0.7306791569086651 0.8676470588235294 0.7330210772833724 0.8725490196078431 0.7306791569086651 0.8758169934640523 0.7330210772833724 0.880718954248366 0.7259953161592506 0.8856209150326797 0.7236533957845434 0.8986928104575164 0.7259953161592506 0.9003267973856209 0.7306791569086651 0.8970588235294118 0.7353629976580797 0.8888888888888888 0.7330210772833724 0.8856209150326797 0.7400468384074942 0.880718954248366 0.7447306791569087 0.880718954248366 0.747072599531616 0.8839869281045751 0.7517564402810304 0.8758169934640523 0.7564402810304449 0.8790849673202614 0.7634660421545667 0.8774509803921569 0.7775175644028103 0.8790849673202614 0.7822014051522248 0.8888888888888888 0.7798594847775175 0.8905228758169934 0.7822014051522248 0.9084967320261438 0.7868852459016393 0.9117647058823529 0.7892271662763466 0.9183006535947712 0.7915690866510539 0.9199346405228758 0.7985948477751756 0.9150326797385621 0.8032786885245902 0.9264705882352942 0.8149882903981265 0.9264705882352942 0.8173302107728337 0.9281045751633987 0.8313817330210773 0.9264705882352942 0.8407494145199064 0.9281045751633987 0.8407494145199064 0.9313725490196079 0.8501170960187353 0.9362745098039216 0.8477751756440282 0.9379084967320261 0.8548009367681498 0.9428104575163399 0.8524590163934426 0.9526143790849673 0.8430913348946136 0.9575163398692811 0.8337236533957846 0.9575163398692811 0.8313817330210773 0.9591503267973857 0.8126463700234192 0.9558823529411765 0.8032786885245902 0.9575163398692811 0.7962529274004684 0.9656862745098039 0.7798594847775175 0.9673202614379085 0.7728337236533958 0.9705882352941176 0.7611241217798594 0.9705882352941176 0.7611241217798594 0.9656862745098039 0.7517564402810304 0.9591503267973857 0.747072599531616 0.9591503267973857 0.7306791569086651 0.9526143790849673 0.7213114754098361 0.9411764705882353 0.711943793911007 0.9444444444444444 0.711943793911007 0.9411764705882353 0.7072599531615925 0.9395424836601307 0.7096018735362998 0.9330065359477124 0.702576112412178 0.9281045751633987 0.6978922716627635 0.9313725490196079 0.6978922716627635 0.934640522875817 0.6908665105386417 0.934640522875817 0.6908665105386417 0.9313725490196079 0.6838407494145199 0.9248366013071896 0.6885245901639344 0.9215686274509803 0.6955503512880562 0.9248366013071896 0.6978922716627635 0.923202614379085 0.7002341920374707 0.9166666666666666 0.6908665105386417 0.9101307189542484 0.7002341920374707 0.9035947712418301 0.702576112412178 0.9035947712418301 0.7002341920374707 0.9101307189542484 0.702576112412178 0.9166666666666666 0.7072599531615925 0.9199346405228758 0.711943793911007 0.9183006535947712 0.7096018735362998 0.9133986928104575 0.711943793911007 0.9117647058823529 0.7096018735362998 0.9084967320261438 0.711943793911007 0.9003267973856209 0.7096018735362998 0.8986928104575164 0.7049180327868853 0.9003267973856209 0.7049180327868853 0.8954248366013072 0.7096018735362998 0.8937908496732027 0.711943793911007 0.8888888888888888 0.7189695550351288 0.8872549019607843 0.7142857142857143 0.8839869281045751 0.7002341920374707 0.880718954248366 0.6955503512880562 0.8823529411764706 0.6697892271662763 0.8774509803921569 0.6604215456674473 0.8709150326797386 0.6604215456674473 0.8643790849673203 0.6533957845433255 0.8578431372549019 0.6463700234192038 0.8611111111111112 0.6182669789227166 0.8480392156862745 0.6206088992974239 0.8349673202614379 0.6323185011709602 0.8235294117647058 0.6463700234192038 0.8202614379084967 0.6604215456674473 0.8202614379084967 0.6627634660421545 0.8186274509803921 0.6768149882903981 0.8235294117647058 0.6955503512880562 0.8218954248366013 0.6978922716627635 0.8202614379084967 0.6978922716627635 0.8120915032679739 0.702576112412178 0.8006535947712419 0.7072599531615925 0.8006535947712419 0.711943793911007 0.7973856209150327 0.7166276346604216 0.7875816993464052 0.702576112412178 0.7761437908496732 0.6838407494145199 0.7745098039215687 0.6932084309133489 0.7728758169934641 0.6955503512880562 0.7630718954248366 0.702576112412178 0.7679738562091504 0.7072599531615925 0.7647058823529411 0.7072599531615925 0.761437908496732 0.6978922716627635 0.7549019607843137 0.6955503512880562 0.7598039215686274 0.6908665105386417 0.7581699346405228 0.6861826697892272 0.761437908496732 0.6885245901639344 0.7647058823529411 0.6814988290398126 0.7679738562091504 0.6814988290398126 0.7712418300653595 0.6697892271662763 0.7712418300653595 0.6627634660421545 0.7745098039215687 0.6557377049180327 0.7745098039215687 0.6627634660421545 0.7679738562091504 0.6721311475409836 0.7647058823529411 0.6651053864168618 0.761437908496732 0.6721311475409836 0.7581699346405228 0.6721311475409836 0.75 0.6768149882903981 0.7434640522875817 0.6932084309133489 0.7369281045751634 0.7189695550351288 0.7369281045751634 0.7236533957845434 0.7352941176470589
2 0.629976580796253 0.6241830065359477 0.6370023419203747 0.6290849673202614 0.6370023419203747 0.6372549019607843 0.6323185011709602 0.6405228758169934 0.6206088992974239 0.6421568627450981 0.6159250585480094 0.6454248366013072 0.6159250585480094 0.6503267973856209 0.6042154566744731 0.6568627450980392 0.5690866510538641 0.6568627450980392 0.5620608899297423 0.6535947712418301 0.5620608899297423 0.6486928104575164 0.5690866510538641 0.6454248366013072 0.5831381733021077 0.6437908496732027 0.585480093676815 0.6421568627450981 0.585480093676815 0.6356209150326797 0.6042154566744731 0.6258169934640523 0.6276346604215457 0.6241830065359477
2 0.42857142857142855 0.4117647058823529 0.44028103044496486 0.4166666666666667 0.4519906323185012 0.4166666666666667 0.4566744730679157 0.4133986928104575 0.48243559718969553 0.4150326797385621 0.5058548009367682 0.43137254901960786 0.5035128805620609 0.434640522875817 0.48711943793911006 0.4362745098039216 0.477751756440281 0.434640522875817 0.4707259953161593 0.4297385620915033 0.4519906323185012 0.4297385620915033 0.4426229508196721 0.43300653594771243 0.4332552693208431 0.4395424836601307 0.41217798594847777 0.4395424836601307 0.4098360655737705 0.43790849673202614 0.39344262295081966 0.43790849673202614 0.38875878220140514 0.4362745098039216 0.3911007025761124 0.43300653594771243 0.4028103044496487 0.4297385620915033 0.4098360655737705 0.42320261437908496 0.40749414519906324 0.4133986928104575 0.41217798594847777 0.41013071895424835 0.4238875878220141 0.41013071895424835 0.4262295081967213 0.4117647058823529
2 0.2224824355971897 0.3872549019607843 0.22482435597189696 0.3888888888888889 0.22482435597189696 0.3954248366013072 0.2224824355971897 0.40032679738562094 0.2154566744730679 0.40522875816993464 0.19437939110070257 0.40522875816993464 0.1873536299765808 0.4035947712418301 0.1873536299765808 0.39869281045751637 0.19437939110070257 0.39052287581699346 0.20608899297423888 0.39052287581699346 0.22014051522248243 0.3872549019607843
2 0.7634660421545667 0.7549019607843137 0.775175644028103 0.7630718954248366 0.7822014051522248 0.7728758169934641 0.7798594847775175 0.7794117647058824 0.7634660421545667 0.7843137254901961 0.7400468384074942 0.7843137254901961 0.7306791569086651 0.7826797385620915 0.7236533957845434 0.7777777777777778 0.7236533957845434 0.7745098039215687 0.7423887587822015 0.7565359477124183 0.7611241217798594 0.7549019607843137
2 0.3957845433255269 0.5620915032679739 0.40749414519906324 0.5686274509803921 0.405152224824356 0.5735294117647058 0.40749414519906324 0.576797385620915 0.3957845433255269 0.5833333333333334 0.3864168618266979 0.5816993464052288 0.38173302107728335 0.5833333333333334 0.3911007025761124 0.5996732026143791 0.3911007025761124 0.6143790849673203 0.39344262295081966 0.6160130718954249 0.3957845433255269 0.6143790849673203 0.40046838407494145 0.6176470588235294 0.4028103044496487 0.6143790849673203 0.4168618266978923 0.6176470588235294 0.4262295081967213 0.6160130718954249 0.4309133489461358 0.6127450980392157 0.44028103044496486 0.6160130718954249 0.44730679156908665 0.6160130718954249 0.4426229508196721 0.6258169934640523 0.42857142857142855 0.6274509803921569 0.4262295081967213 0.6339869281045751 0.4332552693208431 0.6421568627450981 0.4379391100702576 0.6388888888888888 0.44730679156908665 0.6454248366013072 0.4449648711943794 0.6617647058823529 0.4496487119437939 0.6666666666666666 0.44730679156908665 0.6715686274509803 0.4332552693208431 0.6748366013071896 0.3981264637002342 0.673202614379085 0.38875878220140514 0.6797385620915033 0.3747072599531616 0.6781045751633987 0.3583138173302108 0.6813725490196079 0.35362997658079626 0.6797385620915033 0.34894613583138173 0.673202614379085 0.32786885245901637 0.673202614379085 0.32084309133489464 0.6715686274509803 0.3185011709601874 0.6683006535947712 0.3185011709601874 0.6633986928104575 0.351288056206089 0.6454248366013072 0.35362997658079626 0.6339869281045751 0.3629976580796253 0.6388888888888888 0.3700234192037471 0.6388888888888888 0.36768149882903983 0.6454248366013072 0.37236533957845436 0.6486928104575164 0.3747072599531616 0.6470588235294118 0.3747072599531616 0.6388888888888888 0.3793911007025761 0.6437908496732027 0.3840749414519906 0.6437908496732027 0.38173302107728335 0.6454248366013072 0.3840749414519906 0.6486928104575164 0.39344262295081966 0.6503267973856209 0.3957845433255269 0.6470588235294118 0.40046838407494145 0.6486928104575164 0.4238875878220141 0.6388888888888888 0.4215456674473068 0.6372549019607843 0.41217798594847777 0.6372549019607843 0.41920374707259955 0.6323529411764706 0.41920374707259955 0.6274509803921569 0.4098360655737705 0.619281045751634 0.405152224824356 0.619281045751634 0.3957845433255269 0.6274509803921569 0.3864168618266979 0.6209150326797386 0.3747072599531616 0.6290849673202614 0.36768149882903983 0.6274509803921569 0.35362997658079626 0.619281045751634 0.34660421545667447 0.619281045751634 0.3372365339578454 0.6143790849673203 0.3372365339578454 0.6111111111111112 0.34192037470725994 0.6078431372549019 0.35362997658079626 0.6062091503267973 0.3583138173302108 0.6029411764705882 0.36533957845433257 0.6029411764705882 0.3700234192037471 0.5980392156862745 0.3700234192037471 0.5882352941176471 0.3747072599531616 0.5833333333333334 0.3840749414519906 0.5816993464052288 0.3840749414519906 0.5784313725490197 0.3793911007025761 0.5751633986928104 0.3700234192037471 0.5751633986928104 0.36065573770491804 0.5718954248366013 0.3583138173302108 0.5669934640522876 0.36065573770491804 0.565359477124183 0.3700234192037471 0.565359477124183 0.3770491803278688 0.5620915032679739 0.39344262295081966 0.5620915032679739
2 0.4519906323185012 0.4722222222222222 0.45901639344262296 0.477124183006536 0.4707259953161593 0.4803921568627451 0.4707259953161593 0.4852941176470588 0.4637002341920375 0.48856209150326796 0.44730679156908665 0.48856209150326796 0.4168618266978923 0.4803921568627451 0.4262295081967213 0.4738562091503268 0.4496487119437939 0.4722222222222222
2 0.1686182669789227 0.8529411764705882 0.1756440281030445 0.8562091503267973 0.1756440281030445 0.8643790849673203 0.16627634660421545 0.8741830065359477 0.1592505854800937 0.8758169934640523 0.16159250585480095 0.8823529411764706 0.16627634660421545 0.8839869281045751 0.16627634660421545 0.8905228758169934 0.1592505854800937 0.8954248366013072 0.15456674473067916 0.8937908496732027 0.14754098360655737 0.9003267973856209 0.1358313817330211 0.9003267973856209 0.13348946135831383 0.9019607843137255 0.117096018735363 0.9019607843137255 0.11241217798594848 0.9003267973856209 0.10772833723653395 0.8970588235294118 0.10772833723653395 0.8905228758169934 0.09836065573770492 0.8839869281045751 0.08665105386416862 0.880718954248366 0.08196721311475409 0.8741830065359477 0.10772833723653395 0.8660130718954249 0.11241217798594848 0.8627450980392157 0.12412177985948478 0.8611111111111112 0.13348946135831383 0.8545751633986928 0.14285714285714285 0.8513071895424836 0.16627634660421545 0.8529411764705882
2 0.2903981264637002 0.511437908496732 0.30210772833723654 0.5081699346405228 0.3091334894613583 0.5032679738562091 0.3395784543325527 0.5032679738562091 0.3395784543325527 0.5081699346405228 0.33021077283372363 0.5130718954248366 0.32084309133489464 0.5147058823529411 0.2903981264637002 0.5147058823529411 0.2903981264637002 0.5130718954248366
2 0.711943793911007 0.795751633986928 0.7259953161592506 0.7973856209150327 0.7306791569086651 0.8006535947712419 0.7330210772833724 0.7973856209150327 0.7353629976580797 0.8006535947712419 0.747072599531616 0.8022875816993464 0.7611241217798594 0.8137254901960784 0.7564402810304449 0.8169934640522876 0.7634660421545667 0.8202614379084967 0.7587822014051522 0.8202614379084967 0.7540983606557377 0.8235294117647058 0.7494145199063232 0.8464052287581699 0.7540983606557377 0.8562091503267973 0.765807962529274 0.8676470588235294 0.765807962529274 0.8709150326797386 0.7798594847775175 0.8790849673202614 0.7845433255269321 0.8856209150326797 0.7845433255269321 0.9003267973856209 0.7868852459016393 0.9019607843137255 0.7868852459016393 0.9084967320261438 0.7915690866510539 0.9133986928104575 0.7892271662763466 0.9183006535947712 0.7939110070257611 0.9199346405228758 0.7939110070257611 0.923202614379085 0.7845433255269321 0.9313725490196079 0.7822014051522248 0.9379084967320261 0.7845433255269321 0.9395424836601307 0.7939110070257611 0.9379084967320261 0.7939110070257611 0.9444444444444444 0.7985948477751756 0.9477124183006536 0.8032786885245902 0.9477124183006536 0.8079625292740047 0.9526143790849673 0.8009367681498829 0.9575163398692811 0.8032786885245902 0.9738562091503268 0.7985948477751756 0.9771241830065359 0.775175644028103 0.9771241830065359 0.7517564402810304 0.9820261437908496 0.7306791569086651 0.9820261437908496 0.7259953161592506 0.9803921568627451 0.7259953161592506 0.9771241830065359 0.7213114754098361 0.9738562091503268 0.711943793911007 0.9738562091503268 0.7002341920374707 0.9705882352941176 0.6697892271662763 0.9526143790849673 0.667447306791569 0.9477124183006536 0.6557377049180327 0.9477124183006536 0.639344262295082 0.9428104575163399 0.6229508196721312 0.9281045751633987 0.6182669789227166 0.9313725490196079 0.6182669789227166 0.9117647058823529 0.6276346604215457 0.9133986928104575 0.6463700234192038 0.9052287581699346 0.6487119437939111 0.9003267973856209 0.6440281030444965 0.8954248366013072 0.6440281030444965 0.8888888888888888 0.6487119437939111 0.880718954248366 0.6463700234192038 0.8725490196078431 0.6416861826697893 0.8676470588235294 0.639344262295082 0.869281045751634 0.639344262295082 0.8774509803921569 0.6229508196721312 0.8758169934640523 0.6206088992974239 0.869281045751634 0.6276346604215457 0.8741830065359477 0.6346604215456675 0.8660130718954249 0.6276346604215457 0.8627450980392157 0.629976580796253 0.8594771241830066 0.6276346604215457 0.8562091503267973 0.6182669789227166 0.8545751633986928 0.6088992974238876 0.8464052287581699 0.5995316159250585 0.8529411764705882 0.5971896955503513 0.8578431372549019 0.5995316159250585 0.8611111111111112 0.6065573770491803 0.8594771241830066 0.6065573770491803 0.8611111111111112 0.6042154566744731 0.8627450980392157 0.5925058548009368 0.8627450980392157 0.585480093676815 0.8578431372549019 0.5831381733021077 0.8545751633986928 0.585480093676815 0.8513071895424836 0.5807962529274004 0.8464052287581699 0.5807962529274004 0.8382352941176471 0.5971896955503513 0.826797385620915 0.6135831381733021 0.8202614379084967 0.6182669789227166 0.8202614379084967 0.6229508196721312 0.8169934640522876 0.6206088992974239 0.8202614379084967 0.6276346604215457 0.8235294117647058 0.6346604215456675 0.8169934640522876 0.6440281030444965 0.8186274509803921 0.6463700234192038 0.8169934640522876 0.65807962529274 0.8169934640522876 0.6627634660421545 0.8137254901960784 0.667447306791569 0.8137254901960784 0.6744730679156908 0.8186274509803921 0.6814988290398126 0.8202614379084967 0.6955503512880562 0.8186274509803921 0.6978922716627635 0.8169934640522876 0.6955503512880562 0.8137254901960784 0.702576112412178 0.803921568627451 0.711943793911007 0.7973856209150327
2 0.31381733021077285 0.4591503267973856 0.3231850117096019 0.46078431372549017 0.3325526932084309 0.46568627450980393 0.32084309133489464 0.47058823529411764 0.30210772833723654 0.47058823529411764 0.30210772833723654 0.46405228758169936 0.30679156908665106 0.46078431372549017 0.3114754098360656 0.46078431372549017
2 0.39344262295081966 0.5620915032679739 0.405152224824356 0.5686274509803921 0.405152224824356 0.5784313725490197 0.40046838407494145 0.5800653594771242 0.3911007025761124 0.5800653594771242 0.3840749414519906 0.5751633986928104 0.36768149882903983 0.5735294117647058 0.3583138173302108 0.5702614379084967 0.36065573770491804 0.5669934640522876 0.37236533957845436 0.5637254901960784 0.3911007025761124 0.5620915032679739
2 0.2224824355971897 0.39052287581699346 0.2224824355971897 0.3937908496732026 0.23185011709601874 0.39869281045751637 0.23653395784543327 0.39869281045751637 0.23653395784543327 0.4019607843137255 0.2459016393442623 0.4068627450980392 0.24355971896955503 0.4133986928104575 0.23185011709601874 0.41830065359477125 0.21311475409836064 0.4215686274509804 0.19672131147540983 0.4199346405228758 0.19437939110070257 0.4166666666666667 0.20140515222482436 0.4150326797385621 0.20843091334894615 0.4084967320261438 0.1873536299765808 0.4035947712418301 0.18969555035128804 0.39869281045751637 0.21311475409836064 0.39705882352941174 0.2224824355971897 0.39215686274509803
2 0.892271662763466 0.8316993464052288 0.9110070257611241 0.8349673202614379 0.9180327868852459 0.8382352941176471 0.9203747072599532 0.8447712418300654 0.9297423887587822 0.8513071895424836 0.9320843091334895 0.8578431372549019 0.9414519906323185 0.8660130718954249 0.9437939110070258 0.8741830065359477 0.9508196721311475 0.8790849673202614 0.9648711943793911 0.8823529411764706 0.9742388758782201 0.880718954248366 0.9765807962529274 0.8823529411764706 0.990632318501171 0.8823529411764706 0.9929742388758782 0.8856209150326797 0.9929742388758782 0.8905228758169934 0.9789227166276346 0.8970588235294118 0.9742388758782201 0.8970588235294118 0.9625292740046838 0.9019607843137255 0.9437939110070258 0.9003267973856209 0.927400468384075 0.9052287581699346 0.9086651053864169 0.9035947712418301 0.8969555035128806 0.9003267973856209 0.8758782201405152 0.8856209150326797 0.8641686182669789 0.8872549019607843 0.8548009367681498 0.8839869281045751 0.8477751756440282 0.8856209150326797 0.8313817330210773 0.8839869281045751 0.8173302107728337 0.8758169934640523 0.8173302107728337 0.8725490196078431 0.8430913348946136 0.8578431372549019 0.8360655737704918 0.8529411764705882 0.8337236533957846 0.8464052287581699 0.8454332552693209 0.8349673202614379 0.8571428571428571 0.8300653594771242 0.8899297423887588 0.8316993464052288
2 0.4028103044496487 0.565359477124183 0.40749414519906324 0.5686274509803921 0.41217798594847777 0.565359477124183 0.41217798594847777 0.5702614379084967 0.405152224824356 0.5735294117647058 0.41217798594847777 0.5800653594771242 0.405152224824356 0.5816993464052288 0.3840749414519906 0.5816993464052288 0.38173302107728335 0.5833333333333334 0.38875878220140514 0.5947712418300654 0.3840749414519906 0.6127450980392157 0.3747072599531616 0.6127450980392157 0.3770491803278688 0.6078431372549019 0.36768149882903983 0.6062091503267973 0.37236533957845436 0.5996732026143791 0.37236533957845436 0.5947712418300654 0.36533957845433257 0.5882352941176471 0.3700234192037471 0.5882352941176471 0.3747072599531616 0.5849673202614379 0.37236533957845436 0.5816993464052288 0.3793911007025761 0.5849673202614379 0.3840749414519906 0.576797385620915 0.38173302107728335 0.5751633986928104 0.3747072599531616 0.576797385620915 0.36065573770491804 0.5718954248366013 0.3583138173302108 0.5669934640522876 0.36533957845433257 0.5669934640522876 0.3793911007025761 0.5620915032679739 0.3957845433255269 0.5620915032679739 0.40046838407494145 0.565359477124183
2 0.5831381733021077 0.4869281045751634 0.585480093676815 0.48856209150326796 0.6042154566744731 0.48856209150326796 0.6065573770491803 0.4950980392156863 0.6018735362997658 0.49836601307189543 0.5761124121779859 0.49836601307189543 0.5737704918032787 0.4918300653594771 0.5807962529274004 0.4869281045751634
2 0.8126463700234192 0.9117647058823529 0.8220140515222483 0.9117647058823529 0.8501170960187353 0.9281045751633987 0.8501170960187353 0.9330065359477124 0.8571428571428571 0.9444444444444444 0.8548009367681498 0.9509803921568627 0.8454332552693209 0.9575163398692811 0.8220140515222483 0.9591503267973857 0.8149882903981265 0.9558823529411765 0.8032786885245902 0.9558823529411765 0.7822014051522248 0.9428104575163399 0.7798594847775175 0.9330065359477124 0.7868852459016393 0.9281045751633987 0.7892271662763466 0.9215686274509803 0.7985948477751756 0.9133986928104575 0.8056206088992974 0.9150326797385621 0.8126463700234192 0.9133986928104575
2 0.5409836065573771 0.6830065359477124 0.5573770491803278 0.6911764705882353 0.5573770491803278 0.6944444444444444 0.5480093676814989 0.6977124183006536 0.5433255269320844 0.7009803921568627 0.5433255269320844 0.704248366013072 0.550351288056206 0.7091503267973857 0.5597189695550351 0.7107843137254902 0.5597189695550351 0.7238562091503268 0.5550351288056206 0.7254901960784313 0.5339578454332553 0.7254901960784313 0.531615925058548 0.7271241830065359 0.5152224824355972 0.7238562091503268 0.4964871194379391 0.7140522875816994 0.48711943793911006 0.7140522875816994 0.4847775175644028 0.7156862745098039 0.4613583138173302 0.7140522875816994 0.4566744730679157 0.7107843137254902 0.4566744730679157 0.7075163398692811 0.468384074941452 0.6977124183006536 0.477751756440281 0.6977124183006536 0.4847775175644028 0.6944444444444444 0.4918032786885246 0.6944444444444444 0.5199063231850117 0.684640522875817 0.5386416861826698 0.6830065359477124
2 0.2646370023419204 0.3839869281045752 0.26697892271662765 0.38562091503267976 0.2646370023419204 0.39052287581699346 0.2459016393442623 0.39052287581699346 0.24355971896955503 0.3872549019607843 0.26229508196721313 0.3839869281045752
2 0.585480093676815 0.46568627450980393 0.5925058548009368 0.4722222222222222 0.5925058548009368 0.48366013071895425 0.6088992974238876 0.49019607843137253 0.6088992974238876 0.4934640522875817 0.6018735362997658 0.49836601307189543 0.5737704918032787 0.49836601307189543 0.5737704918032787 0.49019607843137253 0.5807962529274004 0.48366013071895425 0.5737704918032787 0.47875816993464054 0.5620608899297423 0.47549019607843135 0.550351288056206 0.4673202614379085 0.550351288056206 0.4624183006535948 0.5597189695550351 0.45751633986928103 0.5737704918032787 0.4591503267973856 0.5831381733021077 0.46568627450980393
2 0.34660421545667447 0.35130718954248363 0.34894613583138173 0.35130718954248363 0.3442622950819672 0.3545751633986928 0.33021077283372363 0.35947712418300654 0.3255269320843091 0.35784313725490197 0.3161592505854801 0.35947712418300654 0.31381733021077285 0.3562091503267974 0.3161592505854801 0.35294117647058826 0.3442622950819672 0.35130718954248363
2 0.38173302107728335 0.6013071895424836 0.38875878220140514 0.6078431372549019 0.38875878220140514 0.6127450980392157 0.3793911007025761 0.619281045751634 0.38173302107728335 0.6225490196078431 0.3793911007025761 0.6258169934640523 0.36768149882903983 0.6258169934640523 0.3583138173302108 0.619281045751634 0.3372365339578454 0.6143790849673203 0.3372365339578454 0.6111111111111112 0.3442622950819672 0.6078431372549019 0.351288056206089 0.6078431372549019 0.3583138173302108 0.6045751633986928 0.36768149882903983 0.6045751633986928 0.3793911007025761 0.6013071895424836
2 0.5550351288056206 0.7598039215686274 0.5620608899297423 0.761437908496732 0.5714285714285714 0.7679738562091504 0.5714285714285714 0.7745098039215687 0.5620608899297423 0.7794117647058824 0.5386416861826698 0.7810457516339869 0.5199063231850117 0.7777777777777778 0.4964871194379391 0.7696078431372549 0.48711943793911006 0.7696078431372549 0.47540983606557374 0.7663398692810458 0.468384074941452 0.761437908496732 0.47306791569086654 0.7532679738562091 0.48711943793911006 0.7434640522875817 0.5011709601873536 0.7401960784313726 0.5386416861826698 0.7418300653594772 0.5433255269320844 0.7450980392156863 0.5433255269320844 0.7483660130718954 0.5362997658079626 0.7549019607843137 0.5362997658079626 0.7581699346405228 0.5456674473067916 0.7630718954248366 0.5526932084309133 0.761437908496732
2 0.2459016393442623 0.35130718954248363 0.25526932084309134 0.34477124183006536 0.27400468384074944 0.3431372549019608 0.27634660421545665 0.3415032679738562 0.2857142857142857 0.3431372549019608 0.2903981264637002 0.3464052287581699 0.28805620608899296 0.35130718954248363 0.27400468384074944 0.3545751633986928 0.26697892271662765 0.35947712418300654 0.28337236533957844 0.3627450980392157 0.2576112412177986 0.3611111111111111 0.2459016393442623 0.35294117647058826
2 0.667447306791569 0.8186274509803921 0.6744730679156908 0.8218954248366013 0.6908665105386417 0.8218954248366013 0.6932084309133489 0.8202614379084967 0.7096018735362998 0.8218954248366013 0.7166276346604216 0.8251633986928104 0.7236533957845434 0.8251633986928104 0.7306791569086651 0.8300653594771242 0.7259953161592506 0.8415032679738562 0.7517564402810304 0.8562091503267973 0.7587822014051522 0.8643790849673203 0.7587822014051522 0.8709150326797386 0.7447306791569087 0.880718954248366 0.7306791569086651 0.880718954248366 0.7283372365339579 0.8823529411764706 0.6814988290398126 0.880718954248366 0.6697892271662763 0.8774509803921569 0.6604215456674473 0.8725490196078431 0.65807962529274 0.8660130718954249 0.6510538641686182 0.8594771241830066 0.6323185011709602 0.8562091503267973 0.6159250585480094 0.8496732026143791 0.6135831381733021 0.8398692810457516 0.6206088992974239 0.8333333333333334 0.6206088992974239 0.8300653594771242 0.6346604215456675 0.8218954248366013 0.6487119437939111 0.8186274509803921 0.6651053864168618 0.8186274509803921
2 0.4238875878220141 0.4084967320261438 0.4379391100702576 0.4133986928104575 0.4496487119437939 0.4133986928104575 0.4519906323185012 0.4117647058823529 0.45433255269320844 0.4133986928104575 0.4637002341920375 0.4117647058823529 0.48009367681498827 0.4133986928104575 0.49414519906323184 0.42483660130718953 0.48711943793911006 0.42320261437908496 0.48009367681498827 0.42483660130718953 0.477751756440281 0.42810457516339867 0.4637002341920375 0.4264705882352941 0.45433255269320844 0.4297385620915033 0.44730679156908665 0.4297385620915033 0.4309133489461358 0.4395424836601307 0.40046838407494145 0.43790849673202614 0.38875878220140514 0.434640522875817 0.40046838407494145 0.43137254901960786 0.4098360655737705 0.42320261437908496 0.405152224824356 0.4117647058823529 0.4215456674473068 0.4084967320261438
2 0.2576112412177986 0.3464052287581699 0.2646370023419204 0.3545751633986928 0.25995316159250587 0.3627450980392157 0.24824355971896955 0.3660130718954248 0.24824355971896955 0.3741830065359477 0.2459016393442623 0.3758169934640523 0.24121779859484777 0.3741830065359477 0.22482435597189696 0.3741830065359477 0.21311475409836064 0.369281045751634 0.21311475409836064 0.3660130718954248 0.22014051522248243 0.3562091503267974 0.25526932084309134 0.3464052287581699
2 0.30210772833723654 0.44281045751633985 0.3185011709601874 0.44281045751633985 0.33021077283372363 0.4526143790849673 0.33021077283372363 0.45588235294117646 0.3395784543325527 0.46568627450980393 0.3372365339578454 0.46895424836601307 0.3091334894613583 0.4738562091503268 0.3114754098360656 0.47875816993464054 0.3255269320843091 0.477124183006536 0.3255269320843091 0.47875816993464054 0.3231850117096019 0.477124183006536 0.32084309133489464 0.47875816993464054 0.3185011709601874 0.48366013071895425 0.32084309133489464 0.4869281045751634 0.31381733021077285 0.48856209150326796 0.3091334894613583 0.4852941176470588 0.3091334894613583 0.4738562091503268 0.30679156908665106 0.4722222222222222 0.297423887587822 0.4722222222222222 0.29508196721311475 0.4738562091503268 0.2997658079625293 0.46405228758169936 0.30679156908665106 0.4591503267973856 0.3044496487119438 0.45588235294117646 0.3114754098360656 0.4526143790849673 0.30210772833723654 0.4477124183006536 0.30210772833723654 0.4444444444444444
2 0.4168618266978923 0.4297385620915033 0.4215456674473068 0.43300653594771243 0.41920374707259955 0.4395424836601307 0.41217798594847777 0.43790849673202614 0.3911007025761124 0.43790849673202614 0.38875878220140514 0.4362745098039216 0.3957845433255269 0.43137254901960786 0.41451990632318503 0.4297385620915033
2 0.22014051522248243 0.3709150326797386 0.22482435597189696 0.37254901960784315 0.22482435597189696 0.3758169934640523 0.1990632318501171 0.37745098039215685 0.1873536299765808 0.38235294117647056 0.1873536299765808 0.38562091503267976 0.19437939110070257 0.39052287581699346 0.2107728337236534 0.3888888888888889 0.21311475409836064 0.38562091503267976 0.2154566744730679 0.39052287581699346 0.19672131147540983 0.39215686274509803 0.18969555035128804 0.3954248366013072 0.18501170960187355 0.39052287581699346 0.14988290398126464 0.39215686274509803 0.1522248243559719 0.3888888888888889 0.16393442622950818 0.3839869281045752 0.1756440281030445 0.3741830065359477 0.18501170960187355 0.3741830065359477 0.1873536299765808 0.37254901960784315 0.1990632318501171 0.3741830065359477 0.21779859484777517 0.3709150326797386
2 0.4309133489461358 0.6111111111111112 0.43559718969555034 0.6143790849673203 0.4449648711943794 0.6160130718954249 0.44730679156908665 0.619281045751634 0.4449648711943794 0.6241830065359477 0.44028103044496486 0.6274509803921569 0.4262295081967213 0.6274509803921569 0.4238875878220141 0.6323529411764706 0.4238875878220141 0.6290849673202614 0.41217798594847777 0.619281045751634 0.4238875878220141 0.6127450980392157 0.42857142857142855 0.6127450980392157
2 0.234192037470726 0.4117647058823529 0.2388758782201405 0.4150326797385621 0.234192037470726 0.41830065359477125 0.21779859484777517 0.4215686274509804 0.20374707259953162 0.4215686274509804 0.19672131147540983 0.4199346405228758 0.19672131147540983 0.4166666666666667 0.21311475409836064 0.4117647058823529 0.21779859484777517 0.4133986928104575 0.22014051522248243 0.4117647058823529 0.23185011709601874 0.4117647058823529
2 0.27400468384074944 0.40032679738562094 0.2810304449648712 0.4035947712418301 0.2786885245901639 0.4068627450980392 0.2693208430913349 0.4084967320261438 0.2646370023419204 0.4117647058823529 0.26229508196721313 0.41013071895424835 0.2505854800936768 0.4117647058823529 0.2505854800936768 0.40522875816993464 0.2576112412177986 0.4019607843137255 0.2716627634660422 0.40032679738562094
2 0.4449648711943794 0.6470588235294118 0.44730679156908665 0.6503267973856209 0.44028103044496486 0.6617647058823529 0.44730679156908665 0.6683006535947712 0.4449648711943794 0.6715686274509803 0.43559718969555034 0.673202614379085 0.41451990632318503 0.673202614379085 0.40749414519906324 0.6715686274509803 0.3864168618266979 0.6601307189542484 0.39344262295081966 0.6535947712418301 0.405152224824356 0.6486928104575164 0.41217798594847777 0.6470588235294118 0.4426229508196721 0.6470588235294118
2 0.17330210772833723 0.380718954248366 0.17330210772833723 0.37745098039215685 0.17798594847775176 0.3741830065359477 0.20140515222482436 0.3741830065359477 0.20374707259953162 0.37254901960784315 0.22014051522248243 0.37254901960784315 0.22014051522248243 0.3758169934640523 0.20140515222482436 0.3758169934640523 0.1920374707259953 0.380718954248366 0.1756440281030445 0.380718954248366
2 0.4496487119437939 0.3937908496732026 0.4566744730679157 0.39869281045751637 0.4496487119437939 0.4035947712418301 0.4379391100702576 0.4035947712418301 0.4309133489461358 0.40032679738562094 0.4332552693208431 0.3937908496732026 0.4379391100702576 0.39215686274509803 0.44730679156908665 0.3937908496732026
2 0.29508196721311475 0.4803921568627451 0.3044496487119438 0.4852941176470588 0.30210772833723654 0.49673202614379086 0.29508196721311475 0.49673202614379086 0.2903981264637002 0.4918300653594771 0.2857142857142857 0.4918300653594771 0.27400468384074944 0.4869281045751634 0.27400468384074944 0.48366013071895425 0.2810304449648712 0.477124183006536 0.28805620608899296 0.477124183006536 0.2927400468384075 0.4803921568627451
2 0.22950819672131148 0.7663398692810458 0.24121779859484777 0.7712418300653595 0.24824355971896955 0.7826797385620915 0.2459016393442623 0.7892156862745098 0.234192037470726 0.7941176470588235 0.21311475409836064 0.8088235294117647 0.1920374707259953 0.8104575163398693 0.18032786885245902 0.8022875816993464 0.18032786885245902 0.795751633986928 0.1920374707259953 0.7892156862745098 0.1920374707259953 0.7859477124183006 0.18501170960187355 0.7826797385620915 0.18501170960187355 0.7794117647058824 0.1920374707259953 0.7745098039215687 0.20608899297423888 0.7745098039215687 0.22716627634660422 0.7679738562091504
2 0.6885245901639344 0.9084967320261438 0.6978922716627635 0.9166666666666666 0.7002341920374707 0.923202614379085 0.711943793911007 0.9297385620915033 0.7213114754098361 0.9297385620915033 0.7330210772833724 0.9395424836601307 0.7353629976580797 0.9379084967320261 0.7540983606557377 0.9428104575163399 0.7681498829039812 0.9428104575163399 0.7845433255269321 0.9493464052287581 0.7868852459016393 0.9558823529411765 0.7962529274004684 0.9624183006535948 0.8009367681498829 0.9689542483660131 0.8009367681498829 0.9754901960784313 0.7985948477751756 0.9771241830065359 0.775175644028103 0.9771241830065359 0.7587822014051522 0.9803921568627451 0.7377049180327869 0.9803921568627451 0.7306791569086651 0.9754901960784313 0.711943793911007 0.9705882352941176 0.7049180327868853 0.9705882352941176 0.6838407494145199 0.9607843137254902 0.6768149882903981 0.9509803921568627 0.6697892271662763 0.946078431372549 0.6510538641686182 0.946078431372549 0.6323185011709602 0.9379084967320261 0.6276346604215457 0.9313725490196079 0.6276346604215457 0.9264705882352942 0.6323185011709602 0.9166666666666666 0.6416861826697893 0.9101307189542484 0.6487119437939111 0.9068627450980392 0.6838407494145199 0.9068627450980392 0.6861826697892272 0.9084967320261438
2 0.3770491803278688 0.34477124183006536 0.3793911007025761 0.3366013071895425 0.38875878220140514 0.3349673202614379 0.3981264637002342 0.34477124183006536 0.40749414519906324 0.34477124183006536 0.41451990632318503 0.3480392156862745 0.41451990632318503 0.35130718954248363 0.4028103044496487 0.3562091503267974 0.3981264637002342 0.3562091503267974 0.39344262295081966 0.35947712418300654 0.3911007025761124 0.35784313725490197 0.39344262295081966 0.34967320261437906 0.38875878220140514 0.3464052287581699 0.3793911007025761 0.34477124183006536
2 0.2505854800936768 0.3562091503267974 0.2576112412177986 0.35784313725490197 0.2576112412177986 0.3627450980392157 0.24824355971896955 0.3627450980392157 0.22716627634660422 0.369281045751634 0.23653395784543327 0.37254901960784315 0.23185011709601874 0.3758169934640523 0.2388758782201405 0.380718954248366 0.24355971896955503 0.37745098039215685 0.24824355971896955 0.3839869281045752 0.25995316159250587 0.3839869281045752 0.26697892271662765 0.380718954248366 0.2716627634660422 0.38562091503267976 0.26229508196721313 0.39052287581699346 0.2459016393442623 0.39052287581699346 0.24355971896955503 0.3888888888888889 0.2388758782201405 0.39052287581699346 0.23653395784543327 0.39215686274509803 0.23653395784543327 0.40032679738562094 0.24121779859484777 0.40522875816993464 0.2505854800936768 0.40522875816993464 0.2646370023419204 0.40032679738562094 0.27634660421545665 0.4019607843137255 0.27634660421545665 0.40522875816993464 0.26697892271662765 0.4084967320261438 0.2576112412177986 0.4084967320261438 0.24824355971896955 0.4150326797385621 0.2388758782201405 0.4150326797385621 0.23185011709601874 0.4199346405228758 0.22482435597189696 0.4215686274509804 0.20374707259953162 0.4215686274509804 0.19672131147540983 0.4166666666666667 0.2107728337236534 0.41013071895424835 0.18969555035128804 0.40522875816993464 0.18501170960187355 0.4019607843137255 0.1873536299765808 0.39869281045751637 0.1873536299765808 0.38562091503267976 0.20608899297423888 0.3872549019607843 0.2154566744730679 0.38235294117647056 0.2107728337236534 0.3790849673202614 0.20140515222482436 0.380718954248366 0.1990632318501171 0.3790849673202614 0.19437939110070257 0.38235294117647056 0.18501170960187355 0.3790849673202614 0.17798594847775176 0.3790849673202614 0.18032786885245902 0.3758169934640523 0.19672131147540983 0.3741830065359477 0.2107728337236534 0.369281045751634 0.2224824355971897 0.3611111111111111 0.24824355971896955 0.35784313725490197
2 0.49414519906323184 0.44607843137254904 0.49882903981264637 0.4493464052287582 0.49882903981264637 0.4526143790849673 0.47540983606557374 0.4591503267973856 0.4519906323185012 0.4591503267973856 0.4519906323185012 0.45588235294117646 0.4707259953161593 0.44607843137254904 0.477751756440281 0.4444444444444444 0.4894613583138173 0.4444444444444444 0.4918032786885246 0.44607843137254904
2 0.7494145199063232 0.6650326797385621 0.775175644028103 0.6666666666666666 0.7798594847775175 0.6699346405228758 0.7845433255269321 0.6699346405228758 0.7892271662763466 0.6764705882352942 0.8056206088992974 0.6764705882352942 0.819672131147541 0.6715686274509803 0.8173302107728337 0.6944444444444444 0.819672131147541 0.696078431372549 0.8313817330210773 0.6895424836601307 0.8337236533957846 0.6928104575163399 0.8313817330210773 0.696078431372549 0.8220140515222483 0.6977124183006536 0.8032786885245902 0.7140522875816994 0.7681498829039812 0.7140522875816994 0.7611241217798594 0.7173202614379085 0.6908665105386417 0.7173202614379085 0.6838407494145199 0.7124183006535948 0.6838407494145199 0.7058823529411765 0.6908665105386417 0.6993464052287581 0.7002341920374707 0.6944444444444444 0.711943793911007 0.6928104575163399 0.7259953161592506 0.6862745098039216 0.7283372365339579 0.684640522875817 0.7259953161592506 0.6781045751633987 0.7283372365339579 0.673202614379085 0.7353629976580797 0.6781045751633987 0.7423887587822015 0.6748366013071896 0.7447306791569087 0.6683006535947712 0.7494145199063232 0.6666666666666666
2 0.14754098360655737 0.8513071895424836 0.1522248243559719 0.8545751633986928 0.16393442622950818 0.8545751633986928 0.17330210772833723 0.8594771241830066 0.1686182669789227 0.869281045751634 0.16393442622950818 0.8725490196078431 0.14285714285714285 0.8790849673202614 0.13114754098360656 0.8790849673202614 0.11475409836065574 0.8839869281045751 0.08899297423887588 0.880718954248366 0.08430913348946135 0.8774509803921569 0.08430913348946135 0.8725490196078431 0.12412177985948478 0.8611111111111112 0.1451990632318501 0.8513071895424836
2 0.5737704918032787 0.46078431372549017 0.5901639344262295 0.4722222222222222 0.5878220140515222 0.477124183006536 0.5714285714285714 0.477124183006536 0.5526932084309133 0.4673202614379085 0.5526932084309133 0.4624183006535948 0.5573770491803278 0.4591503267973856 0.5690866510538641 0.4591503267973856 0.5714285714285714 0.46078431372549017
2 0.24355971896955503 0.4411764705882353 0.2529274004683841 0.4444444444444444 0.2529274004683841 0.4493464052287582 0.22950819672131148 0.45588235294117646 0.2154566744730679 0.45588235294117646 0.2154566744730679 0.45098039215686275 0.22482435597189696 0.44607843137254904 0.24121779859484777 0.44281045751633985
2 0.30327868852459017 0.5228758169934641 0.03981264637002342 0.013071895424836602
2 0.2459016393442623 0.7205882352941176 0.07494145199063232 0.03594771241830065
2 0.639344262295082 0.5490196078431373 0.6557377049180327 0.5506535947712419 0.65807962529274 0.5555555555555556 0.6721311475409836 0.5620915032679739 0.6908665105386417 0.5604575163398693 0.6955503512880562 0.5637254901960784 0.6955503512880562 0.5784313725490197 0.6932084309133489 0.5800653594771242 0.6838407494145199 0.5784313725490197 0.6768149882903981 0.5833333333333334 0.6744730679156908 0.5784313725490197 0.6651053864168618 0.5784313725490197 0.6557377049180327 0.5735294117647058 0.6533957845433255 0.5702614379084967 0.6557377049180327 0.5637254901960784 0.6533957845433255 0.5620915032679739 0.6463700234192038 0.5604575163398693 0.6370023419203747 0.5620915032679739 0.6206088992974239 0.5588235294117647 0.629976580796253 0.5588235294117647 0.6323185011709602 0.5604575163398693 0.639344262295082 0.5571895424836601 0.6416861826697893 0.5588235294117647 0.6463700234192038 0.5555555555555556 0.639344262295082 0.5506535947712419
2 0.6346604215456675 0.6241830065359477 0.639344262295082 0.6372549019607843 0.6416861826697893 0.6388888888888888 0.65807962529274 0.6372549019607843 0.6697892271662763 0.6437908496732027 0.667447306791569 0.6470588235294118 0.6627634660421545 0.6503267973856209 0.6463700234192038 0.6503267973856209 0.6323185011709602 0.6454248366013072 0.6229508196721312 0.6454248366013072 0.6042154566744731 0.6568627450980392 0.5690866510538641 0.6568627450980392 0.5620608899297423 0.6535947712418301 0.5620608899297423 0.6470588235294118 0.5831381733021077 0.6421568627450981 0.585480093676815 0.6356209150326797 0.594847775175644 0.6290849673202614 0.6042154566744731 0.6258169934640523 0.6323185011709602 0.6241830065359477
2 0.4426229508196721 0.5277777777777778 0.4426229508196721 0.5310457516339869 0.4332552693208431 0.5375816993464052 0.44028103044496486 0.545751633986928 0.44028103044496486 0.5490196078431373 0.43559718969555034 0.5490196078431373 0.4309133489461358 0.545751633986928 0.3957845433255269 0.5424836601307189 0.3864168618266979 0.5392156862745098 0.3864168618266979 0.5359477124183006 0.39344262295081966 0.5310457516339869 0.4238875878220141 0.5212418300653595 0.4309133489461358 0.5212418300653595 0.44028103044496486 0.5277777777777778
2 0.4168618266978923 0.37254901960784315 0.4168618266978923 0.37745098039215685 0.41217798594847777 0.3790849673202614 0.39344262295081966 0.3790849673202614 0.3911007025761124 0.3741830065359477 0.39344262295081966 0.37254901960784315 0.41451990632318503 0.37254901960784315
2 0.2154566744730679 0.36764705882352944 0.22482435597189696 0.37254901960784315 0.22482435597189696 0.3758169934640523 0.19437939110070257 0.37745098039215685 0.1920374707259953 0.3790849673202614 0.18969555035128804 0.3758169934640523 0.21311475409836064 0.36764705882352944
2 0.36533957845433257 0.6470588235294118 0.37236533957845436 0.6535947712418301 0.37236533957845436 0.6601307189542484 0.36065573770491804 0.6650326797385621 0.3559718969555035 0.6650326797385621 0.3442622950819672 0.673202614379085 0.32084309133489464 0.6715686274509803 0.32084309133489464 0.6633986928104575 0.3442622950819672 0.6503267973856209 0.3629976580796253 0.6470588235294118
2 0.36768149882903983 0.3741830065359477 0.36768149882903983 0.36764705882352944 0.3770491803278688 0.36437908496732024 0.3840749414519906 0.36437908496732024 0.3864168618266979 0.36764705882352944 0.38173302107728335 0.380718954248366 0.3770491803278688 0.380718954248366 0.3793911007025761 0.3758169934640523 0.3770491803278688 0.3741830065359477 0.3700234192037471 0.3741830065359477
2 0.3161592505854801 0.5392156862745098 0.3255269320843091 0.545751633986928 0.32084309133489464 0.553921568627451 0.3091334894613583 0.5588235294117647 0.28805620608899296 0.5588235294117647 0.2857142857142857 0.5604575163398693 0.28337236533957844 0.5588235294117647 0.27400468384074944 0.5588235294117647 0.2810304449648712 0.553921568627451 0.27634660421545665 0.545751633986928 0.2786885245901639 0.5424836601307189 0.2997658079625293 0.5375816993464052 0.3114754098360656 0.5375816993464052 0.31381733021077285 0.5392156862745098
2 0.1592505854800937 0.9526143790849673 0.1686182669789227 0.9591503267973857 0.17798594847775176 0.9624183006535948 0.1990632318501171 0.9656862745098039 0.2107728337236534 0.9722222222222222 0.22014051522248243 0.9722222222222222 0.2224824355971897 0.9738562091503268 0.2224824355971897 0.9803921568627451 0.21311475409836064 0.988562091503268 0.20608899297423888 0.988562091503268 0.20140515222482436 0.9934640522875817 0.19437939110070257 0.988562091503268 0.1873536299765808 0.988562091503268 0.18501170960187355 0.9934640522875817 0.14754098360655737 0.9934640522875817 0.1451990632318501 0.9950980392156863 0.13114754098360656 0.9950980392156863 0.12177985948477751 0.9918300653594772 0.11475409836065574 0.9918300653594772 0.11007025761124122 0.988562091503268 0.10070257611241218 0.988562091503268 0.08899297423887588 0.9820261437908496 0.08899297423887588 0.9771241830065359 0.11007025761124122 0.9607843137254902 0.13817330210772832 0.9526143790849673 0.14754098360655737 0.9509803921568627 0.15690866510538642 0.9526143790849673
2 0.6861826697892272 0.5081699346405228 0.6932084309133489 0.5130718954248366 0.7072599531615925 0.5147058823529411 0.7142857142857143 0.5212418300653595 0.7096018735362998 0.5294117647058824 0.7049180327868853 0.5310457516339869 0.6861826697892272 0.5294117647058824 0.667447306791569 0.5179738562091504 0.6651053864168618 0.5147058823529411 0.6721311475409836 0.5081699346405228 0.6838407494145199 0.5081699346405228
2 0.1756440281030445 0.3839869281045752 0.18032786885245902 0.3872549019607843 0.15690866510538642 0.3937908496732026 0.14988290398126464 0.3937908496732026 0.14988290398126464 0.3888888888888889 0.1686182669789227 0.38235294117647056 0.17330210772833723 0.3839869281045752
2 0.9508196721311475 0.9689542483660131 0.9718969555035128 0.9771241830065359 0.9929742388758782 0.9934640522875817 0.990632318501171 0.9983660130718954 0.9391100702576113 0.9983660130718954 0.936768149882904 0.9967320261437909 0.9297423887587822 0.9983660130718954 0.8454332552693209 0.9983660130718954 0.8454332552693209 0.9934640522875817 0.8501170960187353 0.9918300653594772 0.8548009367681498 0.9820261437908496 0.8641686182669789 0.9754901960784313 0.892271662763466 0.9689542483660131 0.9133489461358314 0.9689542483660131 0.9156908665105387 0.9673202614379085 0.9484777517564403 0.9689542483660131
2 0.5409836065573771 0.6830065359477124 0.5480093676814989 0.684640522875817 0.5550351288056206 0.6895424836601307 0.5550351288056206 0.6944444444444444 0.5409836065573771 0.6993464052287581 0.5386416861826698 0.7075163398692811 0.5339578454332553 0.7107843137254902 0.4918032786885246 0.7124183006535948 0.47540983606557374 0.7156862745098039 0.4637002341920375 0.7140522875816994 0.4566744730679157 0.7091503267973857 0.46604215456674475 0.6993464052287581 0.49414519906323184 0.6944444444444444 0.5199063231850117 0.684640522875817 0.5386416861826698 0.6830065359477124
2 0.7728337236533958 0.6683006535947712 0.7775175644028103 0.6715686274509803 0.7798594847775175 0.6830065359477124 0.7822014051522248 0.684640522875817 0.7845433255269321 0.6830065359477124 0.7845433255269321 0.6879084967320261 0.7939110070257611 0.6977124183006536 0.7939110070257611 0.7009803921568627 0.7985948477751756 0.704248366013072 0.8079625292740047 0.7058823529411765 0.8079625292740047 0.7091503267973857 0.8056206088992974 0.7124183006535948 0.765807962529274 0.7124183006535948 0.7587822014051522 0.7156862745098039 0.7540983606557377 0.7156862745098039 0.7540983606557377 0.7107843137254902 0.7587822014051522 0.7058823529411765 0.7564402810304449 0.7026143790849673 0.7259953161592506 0.6944444444444444 0.7236533957845434 0.6895424836601307 0.7447306791569087 0.6781045751633987 0.7564402810304449 0.6683006535947712 0.7611241217798594 0.6666666666666666 0.7704918032786885 0.6683006535947712
2 0.4262295081967213 0.5032679738562091 0.4309133489461358 0.5049019607843137 0.4309133489461358 0.5081699346405228 0.43559718969555034 0.511437908496732 0.44028103044496486 0.5065359477124183 0.4449648711943794 0.5098039215686274 0.44730679156908665 0.5081699346405228 0.4496487119437939 0.5098039215686274 0.4613583138173302 0.5098039215686274 0.45901639344262296 0.5196078431372549 0.4613583138173302 0.5212418300653595 0.4637002341920375 0.5343137254901961 0.468384074941452 0.5375816993464052 0.47306791569086654 0.5359477124183006 0.47540983606557374 0.5392156862745098 0.47540983606557374 0.5473856209150327 0.47306791569086654 0.5490196078431373 0.47540983606557374 0.5506535947712419 0.47306791569086654 0.553921568627451 0.47540983606557374 0.5637254901960784 0.4637002341920375 0.5686274509803921 0.45433255269320844 0.5637254901960784 0.4566744730679157 0.553921568627451 0.4519906323185012 0.5506535947712419 0.4449648711943794 0.5392156862745098 0.44730679156908665 0.5359477124183006 0.44730679156908665 0.5228758169934641 0.4449648711943794 0.5212418300653595 0.44028103044496486 0.5228758169934641 0.4426229508196721 0.5196078431372549 0.4449648711943794 0.5212418300653595 0.44730679156908665 0.5196078431372549 0.44730679156908665 0.5163398692810458 0.4379391100702576 0.5098039215686274 0.4309133489461358 0.511437908496732 0.4262295081967213 0.5163398692810458 0.3911007025761124 0.5261437908496732 0.38173302107728335 0.5343137254901961 0.3770491803278688 0.5424836601307189 0.38875878220140514 0.5506535947712419 0.4028103044496487 0.5473856209150327 0.4168618266978923 0.5522875816993464 0.4262295081967213 0.5588235294117647 0.4496487119437939 0.5555555555555556 0.4496487119437939 0.5686274509803921 0.4449648711943794 0.5702614379084967 0.4519906323185012 0.576797385620915 0.44730679156908665 0.5800653594771242 0.4519906323185012 0.5849673202614379 0.44730679156908665 0.5882352941176471 0.4496487119437939 0.5915032679738562 0.4449648711943794 0.5915032679738562 0.4379391100702576 0.5980392156862745 0.43559718969555034 0.6078431372549019 0.43559718969555034 0.6045751633986928 0.4309133489461358 0.6013071895424836 0.4262295081967213 0.6013071895424836 0.4215456674473068 0.6045751633986928 0.4215456674473068 0.6111111111111112 0.4168618266978923 0.6111111111111112 0.41920374707259955 0.6078431372549019 0.4098360655737705 0.6013071895424836 0.40046838407494145 0.6111111111111112 0.39344262295081966 0.6078431372549019 0.3911007025761124 0.5931372549019608 0.3864168618266979 0.5898692810457516 0.38173302107728335 0.5898692810457516 0.3840749414519906 0.5849673202614379 0.3864168618266979 0.5833333333333334 0.38875878220140514 0.5866013071895425 0.4028103044496487 0.5866013071895425 0.405152224824356 0.5849673202614379 0.41451990632318503 0.5866013071895425 0.41920374707259955 0.5833333333333334 0.40749414519906324 0.5686274509803921 0.40749414519906324 0.565359477124183 0.3957845433255269 0.5571895424836601 0.3864168618266979 0.5555555555555556 0.3793911007025761 0.5571895424836601 0.3747072599531616 0.5620915032679739 0.3583138173302108 0.5637254901960784 0.34660421545667447 0.5718954248366013 0.34660421545667447 0.576797385620915 0.351288056206089 0.5800653594771242 0.34660421545667447 0.5964052287581699 0.35362997658079626 0.6013071895424836 0.3629976580796253 0.5931372549019608 0.36768149882903983 0.5931372549019608 0.3700234192037471 0.6013071895424836 0.36768149882903983 0.6029411764705882 0.35362997658079626 0.6029411764705882 0.34894613583138173 0.6062091503267973 0.3395784543325527 0.6062091503267973 0.3325526932084309 0.6111111111111112 0.3325526932084309 0.5980392156862745 0.32786885245901637 0.5882352941176471 0.3372365339578454 0.5849673202614379 0.3372365339578454 0.576797385620915 0.3395784543325527 0.5784313725490197 0.34192037470725994 0.576797385620915 0.34192037470725994 0.5735294117647058 0.3372365339578454 0.5702614379084967 0.3395784543325527 0.5637254901960784 0.33489461358313816 0.5604575163398693 0.33021077283372363 0.5669934640522876 0.3231850117096019 0.5718954248366013 0.32084309133489464 0.5702614379084967 0.3231850117096019 0.5604575163398693 0.3325526932084309 0.5588235294117647 0.3372365339578454 0.5555555555555556 0.3372365339578454 0.5441176470588235 0.34192037470725994 0.5555555555555556 0.34660421545667447 0.5506535947712419 0.351288056206089 0.5506535947712419 0.3583138173302108 0.545751633986928 0.3629976580796253 0.5473856209150327 0.36768149882903983 0.545751633986928 0.37236533957845436 0.5424836601307189 0.36768149882903983 0.5392156862745098 0.3747072599531616 0.5212418300653595 0.38173302107728335 0.5228758169934641 0.3911007025761124 0.5196078431372549 0.3957845433255269 0.5212418300653595 0.40046838407494145 0.5130718954248366 0.405152224824356 0.5147058823529411 0.4168618266978923 0.5065359477124183 0.4262295081967213 0.5049019607843137
2 0.3770491803278688 0.369281045751634 0.01873536299765808 0.00980392156862745
2 0.2505854800936768 0.35947712418300654 0.2505854800936768 0.3627450980392157 0.2459016393442623 0.3660130718954248 0.2388758782201405 0.3660130718954248 0.234192037470726 0.369281045751634 0.23653395784543327 0.3709150326797386 0.24824355971896955 0.3709150326797386 0.25526932084309134 0.3758169934640523 0.24824355971896955 0.37745098039215685 0.24121779859484777 0.38235294117647056 0.24121779859484777 0.3872549019607843 0.23653395784543327 0.3888888888888889 0.22950819672131148 0.3872549019607843 0.22716627634660422 0.3888888888888889 0.21779859484777517 0.3888888888888889 0.20843091334894615 0.3937908496732026 0.18969555035128804 0.3937908496732026 0.18266978922716628 0.3872549019607843 0.1756440281030445 0.3872549019607843 0.1756440281030445 0.38562091503267976 0.18032786885245902 0.3872549019607843 0.18969555035128804 0.38562091503267976 0.19672131147540983 0.39052287581699346 0.20843091334894615 0.3872549019607843 0.2107728337236534 0.38562091503267976 0.20843091334894615 0.38235294117647056 0.2154566744730679 0.3839869281045752 0.2224824355971897 0.3790849673202614 0.22014051522248243 0.37745098039215685 0.20140515222482436 0.37745098039215685 0.19672131147540983 0.380718954248366 0.1873536299765808 0.380718954248366 0.18266978922716628 0.37745098039215685 0.17798594847775176 0.3790849673202614 0.17798594847775176 0.37745098039215685 0.20843091334894615 0.3709150326797386 0.21779859484777517 0.3627450980392157 0.23185011709601874 0.3627450980392157 0.234192037470726 0.36437908496732024 0.24824355971896955 0.35947712418300654
2 0.4847775175644028 0.4444444444444444 0.4964871194379391 0.4493464052287582 0.49882903981264637 0.4526143790849673 0.49414519906323184 0.45098039215686275 0.48711943793911006 0.45588235294117646 0.48009367681498827 0.45588235294117646 0.47540983606557374 0.4591503267973856 0.477751756440281 0.46405228758169936 0.48243559718969553 0.46405228758169936 0.48711943793911006 0.46078431372549017 0.49414519906323184 0.46405228758169936 0.49414519906323184 0.46895424836601307 0.48711943793911006 0.47058823529411764 0.48711943793911006 0.477124183006536 0.4894613583138173 0.47875816993464054 0.5035128805620609 0.47549019607843135 0.5058548009367682 0.477124183006536 0.5035128805620609 0.4803921568627451 0.5081967213114754 0.48366013071895425 0.5105386416861827 0.47875816993464054 0.5152224824355972 0.477124183006536 0.5128805620608899 0.4803921568627451 0.5175644028103045 0.49019607843137253 0.5199063231850117 0.48366013071895425 0.5269320843091335 0.4820261437908497 0.531615925058548 0.48366013071895425 0.522248243559719 0.4869281045751634 0.5199063231850117 0.49019607843137253 0.522248243559719 0.4918300653594771 0.5292740046838408 0.4918300653594771 0.5386416861826698 0.48856209150326796 0.5550351288056206 0.4934640522875817 0.5550351288056206 0.49673202614379086 0.5409836065573771 0.5049019607843137 0.5433255269320844 0.511437908496732 0.531615925058548 0.5326797385620915 0.5245901639344263 0.5392156862745098 0.5269320843091335 0.5441176470588235 0.531615925058548 0.545751633986928 0.5292740046838408 0.5473856209150327 0.531615925058548 0.5555555555555556 0.5175644028103045 0.5718954248366013 0.5058548009367682 0.576797385620915 0.49414519906323184 0.5735294117647058 0.48243559718969553 0.5735294117647058 0.47306791569086654 0.5702614379084967 0.4847775175644028 0.5604575163398693 0.48009367681498827 0.5555555555555556 0.4847775175644028 0.5506535947712419 0.48243559718969553 0.5310457516339869 0.4894613583138173 0.5212418300653595 0.477751756440281 0.5130718954248366 0.477751756440281 0.5081699346405228 0.48711943793911006 0.5 0.48711943793911006 0.49673202614379086 0.48009367681498827 0.4918300653594771 0.47540983606557374 0.4918300653594771 0.47306791569086654 0.4803921568627451 0.477751756440281 0.477124183006536 0.468384074941452 0.4722222222222222 0.468384074941452 0.4624183006535948 0.46604215456674475 0.46078431372549017 0.4613583138173302 0.4624183006535948 0.4613583138173302 0.4591503267973856 0.4519906323185012 0.45588235294117646 0.47540983606557374 0.44607843137254904 0.48243559718969553 0.44607843137254904
2 0.38875878220140514 0.3839869281045752 0.3981264637002342 0.39052287581699346 0.38173302107728335 0.39869281045751637 0.36533957845433257 0.40032679738562094 0.36533957845433257 0.39705882352941174 0.38173302107728335 0.38562091503267976 0.3864168618266979 0.38562091503267976
2 0.8711943793911007 0.8316993464052288 0.8735362997658079 0.8333333333333334 0.9039812646370023 0.8349673202614379 0.9133489461358314 0.8382352941176471 0.9156908665105387 0.8431372549019608 0.9414519906323185 0.869281045751634 0.9414519906323185 0.8758169934640523 0.9344262295081968 0.8758169934640523 0.927400468384075 0.8725490196078431 0.8946135831381733 0.8676470588235294 0.8899297423887588 0.8709150326797386 0.8875878220140515 0.8774509803921569 0.8758782201405152 0.8839869281045751 0.8290398126463701 0.8823529411764706 0.819672131147541 0.8758169934640523 0.819672131147541 0.8725490196078431 0.8243559718969555 0.869281045751634 0.8477751756440282 0.8578431372549019 0.8337236533957846 0.8480392156862745 0.8407494145199064 0.8382352941176471 0.8594847775175644 0.8300653594771242 0.8688524590163934 0.8316993464052288
2 0.5597189695550351 0.48366013071895425 0.5737704918032787 0.48366013071895425 0.5690866510538641 0.4869281045751634 0.5690866510538641 0.49019607843137253 0.5690866510538641 0.4852941176470588 0.5620608899297423 0.48366013071895425
2 0.7775175644028103 0.8954248366013072 0.7822014051522248 0.9003267973856209 0.7845433255269321 0.923202614379085 0.7798594847775175 0.9281045751633987 0.765807962529274 0.9313725490196079 0.7587822014051522 0.9297385620915033 0.7540983606557377 0.9313725490196079 0.7283372365339579 0.923202614379085 0.7213114754098361 0.9150326797385621 0.7213114754098361 0.9117647058823529 0.7259953161592506 0.9035947712418301 0.7400468384074942 0.8970588235294118 0.7587822014051522 0.9003267973856209 0.775175644028103 0.8954248366013072
2 0.6861826697892272 0.7892156862745098 0.6908665105386417 0.7875816993464052 0.6932084309133489 0.7826797385620915 0.7002341920374707 0.7826797385620915 0.702576112412178 0.7843137254901961 0.711943793911007 0.7843137254901961 0.7189695550351288 0.7892156862745098 0.7353629976580797 0.7941176470588235 0.7400468384074942 0.7892156862745098 0.7447306791569087 0.7908496732026143 0.7540983606557377 0.7892156862745098 0.7634660421545667 0.7908496732026143 0.765807962529274 0.7941176470588235 0.7634660421545667 0.8137254901960784 0.7704918032786885 0.8169934640522876 0.7704918032786885 0.8202614379084967 0.765807962529274 0.8251633986928104 0.7587822014051522 0.8202614379084967 0.7540983606557377 0.826797385620915 0.7423887587822015 0.8333333333333334 0.7400468384074942 0.8398692810457516 0.7330210772833724 0.8398692810457516 0.7306791569086651 0.8447712418300654 0.7189695550351288 0.8447712418300654 0.7072599531615925 0.8545751633986928 0.6978922716627635 0.8545751633986928 0.6885245901639344 0.8513071895424836 0.6744730679156908 0.8562091503267973 0.6721311475409836 0.8594771241830066 0.6487119437939111 0.8594771241830066 0.6252927400468384 0.8529411764705882 0.6182669789227166 0.8545751633986928 0.6112412177985949 0.8496732026143791 0.6018735362997658 0.8496732026143791 0.5925058548009368 0.8431372549019608 0.5831381733021077 0.8431372549019608 0.5807962529274004 0.8366013071895425 0.6018735362997658 0.8235294117647058 0.6065573770491803 0.8235294117647058 0.6206088992974239 0.8169934640522876 0.629976580796253 0.8169934640522876 0.6370023419203747 0.8137254901960784 0.6510538641686182 0.815359477124183 0.6697892271662763 0.8104575163398693 0.6814988290398126 0.8104575163398693 0.6885245901639344 0.8006535947712419 0.6908665105386417 0.7941176470588235 0.6885245901639344 0.7908496732026143
2 0.6861826697892272 0.9084967320261438 0.6978922716627635 0.9183006535947712 0.7002341920374707 0.9248366013071896 0.7096018735362998 0.9313725490196079 0.7213114754098361 0.934640522875817 0.7213114754098361 0.9477124183006536 0.7377049180327869 0.9558823529411765 0.7400468384074942 0.9591503267973857 0.7447306791569087 0.9591503267973857 0.7540983606557377 0.9640522875816994 0.747072599531616 0.9689542483660131 0.7259953161592506 0.9689542483660131 0.7236533957845434 0.9705882352941176 0.711943793911007 0.9673202614379085 0.702576112412178 0.9673202614379085 0.6955503512880562 0.9624183006535948 0.6908665105386417 0.9624183006535948 0.6814988290398126 0.9558823529411765 0.6814988290398126 0.9526143790849673 0.6744730679156908 0.9444444444444444 0.6721311475409836 0.946078431372549 0.6533957845433255 0.946078431372549 0.629976580796253 0.934640522875817 0.6276346604215457 0.9281045751633987 0.629976580796253 0.9215686274509803 0.6416861826697893 0.9101307189542484 0.6510538641686182 0.9068627450980392 0.6814988290398126 0.9068627450980392 0.6838407494145199 0.9084967320261438
2 0.47306791569086654 0.5915032679738562 0.48711943793911006 0.5996732026143791 0.48711943793911006 0.6078431372549019 0.48243559718969553 0.6111111111111112 0.48009367681498827 0.6094771241830066 0.47540983606557374 0.6111111111111112 0.4566744730679157 0.6094771241830066 0.4449648711943794 0.6062091503267973 0.4449648711943794 0.5980392156862745 0.4496487119437939 0.5947712418300654 0.45901639344262296 0.5915032679738562 0.4707259953161593 0.5915032679738562
2 0.7283372365339579 0.7924836601307189 0.7423887587822015 0.7973856209150327 0.7587822014051522 0.8071895424836601 0.7587822014051522 0.8137254901960784 0.7400468384074942 0.8218954248366013 0.7166276346604216 0.8218954248366013 0.7002341920374707 0.815359477124183 0.7002341920374707 0.8071895424836601 0.711943793911007 0.7973856209150327 0.7142857142857143 0.7924836601307189 0.7166276346604216 0.7908496732026143 0.7259953161592506 0.7924836601307189
2 0.5175644028103045 0.5490196078431373 0.5245901639344263 0.5522875816993464 0.5245901639344263 0.5620915032679739 0.5175644028103045 0.5718954248366013 0.5128805620608899 0.5751633986928104 0.5011709601873536 0.5751633986928104 0.49414519906323184 0.5718954248366013 0.477751756440281 0.5718954248366013 0.47540983606557374 0.5702614379084967 0.4894613583138173 0.5555555555555556 0.49882903981264637 0.5555555555555556 0.5105386416861827 0.5506535947712419 0.5152224824355972 0.5506535947712419
2 0.2927400468384075 0.38562091503267976 0.29508196721311475 0.380718954248366 0.3091334894613583 0.37745098039215685 0.3161592505854801 0.37745098039215685 0.3185011709601874 0.38235294117647056 0.30679156908665106 0.38562091503267976 0.29508196721311475 0.38562091503267976
2 0.5058548009367682 0.7401960784313726 0.5152224824355972 0.7434640522875817 0.5292740046838408 0.7434640522875817 0.5362997658079626 0.7467320261437909 0.531615925058548 0.7598039215686274 0.522248243559719 0.7663398692810458 0.5058548009367682 0.7696078431372549 0.48243559718969553 0.7663398692810458 0.47306791569086654 0.7630718954248366 0.4707259953161593 0.7565359477124183 0.48243559718969553 0.7467320261437909 0.4894613583138173 0.7434640522875817 0.5035128805620609 0.7418300653594772
2 0.5433255269320844 0.6830065359477124 0.5573770491803278 0.6895424836601307 0.5573770491803278 0.696078431372549 0.550351288056206 0.6977124183006536 0.5433255269320844 0.7026143790849673 0.5526932084309133 0.7107843137254902 0.5550351288056206 0.7091503267973857 0.5597189695550351 0.7107843137254902 0.5597189695550351 0.7205882352941176 0.5620608899297423 0.7222222222222222 0.5597189695550351 0.7271241830065359 0.5620608899297423 0.7320261437908496 0.5573770491803278 0.7369281045751634 0.5526932084309133 0.75 0.5714285714285714 0.7679738562091504 0.5714285714285714 0.7745098039215687 0.5667447306791569 0.7777777777777778 0.5480093676814989 0.7794117647058824 0.5456674473067916 0.7810457516339869 0.5175644028103045 0.7777777777777778 0.5081967213114754 0.7728758169934641 0.5011709601873536 0.7712418300653595 0.4964871194379391 0.7728758169934641 0.4918032786885246 0.7696078431372549 0.48243559718969553 0.7696078431372549 0.48009367681498827 0.7679738562091504 0.47540983606557374 0.7696078431372549 0.468384074941452 0.761437908496732 0.468384074941452 0.7532679738562091 0.477751756440281 0.7467320261437909 0.477751756440281 0.7418300653594772 0.4847775175644028 0.7434640522875817 0.5058548009367682 0.7352941176470589 0.5175644028103045 0.7352941176470589 0.5199063231850117 0.7287581699346405 0.5128805620608899 0.7238562091503268 0.5058548009367682 0.7222222222222222 0.4964871194379391 0.7222222222222222 0.49414519906323184 0.7238562091503268 0.4918032786885246 0.7173202614379085 0.48243559718969553 0.7189542483660131 0.48009367681498827 0.7173202614379085 0.46604215456674475 0.7173202614379085 0.45433255269320844 0.7091503267973857 0.46604215456674475 0.6977124183006536 0.5011709601873536 0.6911764705882353 0.5058548009367682 0.6879084967320261 0.5245901639344263 0.6830065359477124 0.5409836065573771 0.6830065359477124
2 0.18032786885245902 0.3758169934640523 0.19672131147540983 0.3741830065359477 0.20843091334894615 0.369281045751634 0.2224824355971897 0.3709150326797386 0.22716627634660422 0.3741830065359477 0.22482435597189696 0.37745098039215685 0.20140515222482436 0.37745098039215685 0.1990632318501171 0.3790849673202614 0.17798594847775176 0.3790849673202614 0.18032786885245902 0.37745098039215685
2 0.22014051522248243 0.3660130718954248 0.22014051522248243 0.3627450980392157 0.23185011709601874 0.35784313725490197 0.24824355971896955 0.35784313725490197 0.2505854800936768 0.3562091503267974 0.2529274004683841 0.3562091503267974 0.2529274004683841 0.3611111111111111 0.24355971896955503 0.3660130718954248 0.234192037470726 0.3660130718954248 0.23185011709601874 0.36764705882352944 0.2224824355971897 0.3660130718954248
2 0.5386416861826698 0.4918300653594771 0.5409836065573771 0.4950980392156863 0.5480093676814989 0.4934640522875817 0.5526932084309133 0.49673202614379086 0.5456674473067916 0.49836601307189543 0.5409836065573771 0.49673202614379086 0.531615925058548 0.5016339869281046 0.5058548009367682 0.5032679738562091 0.5011709601873536 0.5081699346405228 0.4964871194379391 0.5081699346405228 0.4964871194379391 0.5065359477124183 0.5035128805620609 0.5049019607843137 0.5128805620608899 0.49836601307189543 0.522248243559719 0.49836601307189543 0.5362997658079626 0.4934640522875817
2 0.6861826697892272 0.7581699346405228 0.08899297423887588 0.042483660130718956
2 0.4168618266978923 0.4117647058823529 0.41920374707259955 0.4133986928104575 0.42857142857142855 0.4133986928104575 0.4332552693208431 0.4166666666666667 0.4519906323185012 0.4166666666666667 0.4566744730679157 0.4133986928104575 0.48009367681498827 0.4133986928104575 0.5035128805620609 0.42810457516339867 0.5058548009367682 0.43137254901960786 0.5035128805620609 0.434640522875817 0.477751756440281 0.434640522875817 0.47306791569086654 0.4297385620915033 0.4637002341920375 0.42810457516339867 0.4449648711943794 0.4297385620915033 0.4332552693208431 0.434640522875817 0.4168618266978923 0.42810457516339867 0.41451990632318503 0.41830065359477125 0.4098360655737705 0.4150326797385621 0.41451990632318503 0.4117647058823529
2 0.7353629976580797 0.5816993464052288 0.7704918032786885 0.5898692810457516 0.7728337236533958 0.5947712418300654 0.7704918032786885 0.6029411764705882 0.765807962529274 0.6062091503267973 0.7564402810304449 0.6078431372549019 0.7540983606557377 0.6062091503267973 0.7236533957845434 0.6062091503267973 0.7142857142857143 0.6045751633986928 0.711943793911007 0.5980392156862745 0.6978922716627635 0.5915032679738562 0.7142857142857143 0.5800653594771242 0.7306791569086651 0.5800653594771242 0.7330210772833724 0.5816993464052288
2 0.7096018735362998 0.7581699346405228 0.7072599531615925 0.7549019607843137 0.7002341920374707 0.7581699346405228 0.6955503512880562 0.7565359477124183 0.6768149882903981 0.7581699346405228 0.6721311475409836 0.7532679738562091 0.6721311475409836 0.7467320261437909 0.6768149882903981 0.7418300653594772 0.6838407494145199 0.738562091503268 0.702576112412178 0.7369281045751634 0.7049180327868853 0.7352941176470589 0.7189695550351288 0.7369281045751634 0.7236533957845434 0.7434640522875817 0.7259953161592506 0.7532679738562091 0.7189695550351288 0.7532679738562091 0.711943793911007 0.7581699346405228
2 0.30679156908665106 0.5032679738562091 0.3114754098360656 0.5049019607843137 0.3091334894613583 0.5081699346405228 0.3114754098360656 0.5147058823529411 0.32084309133489464 0.5179738562091504 0.3161592505854801 0.5212418300653595 0.32786885245901637 0.5375816993464052 0.32786885245901637 0.5424836601307189 0.3231850117096019 0.545751633986928 0.3231850117096019 0.5522875816993464 0.30679156908665106 0.5620915032679739 0.2997658079625293 0.5604575163398693 0.27634660421545665 0.5604575163398693 0.27400468384074944 0.5588235294117647 0.25995316159250587 0.5604575163398693 0.2576112412177986 0.5555555555555556 0.2529274004683841 0.553921568627451 0.25526932084309134 0.5522875816993464 0.2576112412177986 0.5555555555555556 0.26229508196721313 0.5490196078431373 0.2693208430913349 0.5522875816993464 0.27400468384074944 0.5473856209150327 0.2716627634660422 0.5441176470588235 0.26697892271662765 0.545751633986928 0.2716627634660422 0.5392156862745098 0.27400468384074944 0.5375816993464052 0.28337236533957844 0.5392156862745098 0.2857142857142857 0.5359477124183006 0.28805620608899296 0.5375816993464052 0.2903981264637002 0.5359477124183006 0.2903981264637002 0.5277777777777778 0.2857142857142857 0.5261437908496732 0.28337236533957844 0.5212418300653595 0.2903981264637002 0.5163398692810458 0.297423887587822 0.5163398692810458 0.30210772833723654 0.5130718954248366 0.30210772833723654 0.5065359477124183 0.3044496487119438 0.5049019607843137
2 0.7564402810304449 0.565359477124183 0.7634660421545667 0.5718954248366013 0.7845433255269321 0.5735294117647058 0.7915690866510539 0.5784313725490197 0.8009367681498829 0.5915032679738562 0.8009367681498829 0.5980392156862745 0.7868852459016393 0.6078431372549019 0.7775175644028103 0.6078431372549019 0.775175644028103 0.6094771241830066 0.7681498829039812 0.6078431372549019 0.7283372365339579 0.6078431372549019 0.7259953161592506 0.6062091503267973 0.6978922716627635 0.6062091503267973 0.6908665105386417 0.6045751633986928 0.6861826697892272 0.5996732026143791 0.6861826697892272 0.5898692810457516 0.6838407494145199 0.5882352941176471 0.6861826697892272 0.5816993464052288 0.6814988290398126 0.5784313725490197 0.6791569086651054 0.5800653594771242 0.6744730679156908 0.5735294117647058 0.6627634660421545 0.5735294117647058 0.6744730679156908 0.5702614379084967 0.667447306791569 0.5686274509803921 0.667447306791569 0.5669934640522876 0.6721311475409836 0.5669934640522876 0.6861826697892272 0.5604575163398693 0.6932084309133489 0.5604575163398693 0.7002341920374707 0.565359477124183 0.7142857142857143 0.565359477124183 0.7259953161592506 0.5702614379084967 0.7353629976580797 0.5702614379084967 0.7494145199063232 0.5637254901960784 0.7540983606557377 0.565359477124183
2 0.31381733021077285 0.380718954248366 0.3091334894613583 0.3839869281045752 0.2997658079625293 0.3839869281045752 0.297423887587822 0.38562091503267976 0.31381733021077285 0.39705882352941174 0.3114754098360656 0.4019607843137255 0.30210772833723654 0.4035947712418301 0.3044496487119438 0.40522875816993464 0.3231850117096019 0.4068627450980392 0.3231850117096019 0.41013071895424835 0.3114754098360656 0.4166666666666667 0.2927400468384075 0.4133986928104575 0.28805620608899296 0.41830065359477125 0.28337236533957844 0.4150326797385621 0.2857142857142857 0.41013071895424835 0.2810304449648712 0.4068627450980392 0.27400468384074944 0.4068627450980392 0.27634660421545665 0.4035947712418301 0.26697892271662765 0.39705882352941174 0.27400468384074944 0.39052287581699346 0.2903981264637002 0.3872549019607843 0.2927400468384075 0.38235294117647056 0.3114754098360656 0.380718954248366
2 0.28805620608899296 0.3627450980392157 0.29508196721311475 0.3627450980392157 0.2927400468384075 0.369281045751634 0.29508196721311475 0.37254901960784315 0.28805620608899296 0.3741830065359477 0.2857142857142857 0.3790849673202614 0.29508196721311475 0.38235294117647056 0.2997658079625293 0.380718954248366 0.297423887587822 0.38562091503267976 0.30679156908665106 0.39052287581699346 0.3091334894613583 0.39705882352941174 0.2997658079625293 0.3937908496732026 0.28805620608899296 0.40032679738562094 0.2857142857142857 0.40522875816993464 0.28805620608899296 0.41830065359477125 0.2810304449648712 0.4297385620915033 0.27400468384074944 0.42483660130718953 0.2786885245901639 0.4264705882352941 0.2810304449648712 0.42483660130718953 0.28337236533957844 0.4133986928104575 0.26697892271662765 0.4084967320261438 0.2646370023419204 0.4117647058823529 0.27400468384074944 0.41830065359477125 0.2576112412177986 0.4215686274509804 0.2505854800936768 0.4199346405228758 0.2388758782201405 0.4117647058823529 0.2388758782201405 0.4068627450980392 0.23653395784543327 0.40522875816993464 0.23185011709601874 0.4068627450980392 0.23185011709601874 0.39705882352941174 0.2388758782201405 0.39052287581699346 0.22482435597189696 0.38562091503267976 0.22950819672131148 0.3790849673202614 0.234192037470726 0.3839869281045752 0.24121779859484777 0.380718954248366 0.24355971896955503 0.3758169934640523 0.23653395784543327 0.37254901960784315 0.24355971896955503 0.36764705882352944 0.2529274004683841 0.3660130718954248 0.2505854800936768 0.3611111111111111 0.2529274004683841 0.35784313725490197 0.2576112412177986 0.35947712418300654 0.25526932084309134 0.3627450980392157 0.2576112412177986 0.369281045751634 0.26229508196721313 0.36437908496732024 0.2716627634660422 0.36764705882352944 0.2857142857142857 0.36764705882352944 0.28805620608899296 0.36437908496732024
2 0.4168618266978923 0.35784313725490197 0.41920374707259955 0.35947712418300654 0.4168618266978923 0.3627450980392157 0.3957845433255269 0.3627450980392157 0.39344262295081966 0.3611111111111111 0.3957845433255269 0.3562091503267974 0.41451990632318503 0.35784313725490197
2 0.40749414519906324 0.3464052287581699 0.41451990632318503 0.35130718954248363 0.40749414519906324 0.3545751633986928 0.4168618266978923 0.3562091503267974 0.4215456674473068 0.3611111111111111 0.41920374707259955 0.3627450980392157 0.40046838407494145 0.36437908496732024 0.3981264637002342 0.3660130718954248 0.40749414519906324 0.369281045751634 0.40046838407494145 0.369281045751634 0.3981264637002342 0.3660130718954248 0.38875878220140514 0.36437908496732024 0.38875878220140514 0.3545751633986928 0.3981264637002342 0.3480392156862745 0.405152224824356 0.3464052287581699
2 0.2505854800936768 0.40522875816993464 0.2646370023419204 0.4019607843137255 0.27634660421545665 0.4019607843137255 0.2786885245901639 0.4035947712418301 0.2786885245901639 0.4068627450980392 0.2693208430913349 0.4084967320261438 0.2646370023419204 0.4117647058823529 0.25995316159250587 0.41013071895424835 0.2505854800936768 0.4133986928104575 0.24824355971896955 0.4084967320261438 0.2505854800936768 0.4068627450980392
2 0.3161592505854801 0.4068627450980392 0.32084309133489464 0.41013071895424835 0.3114754098360656 0.4150326797385621 0.2997658079625293 0.4133986928104575 0.2997658079625293 0.41013071895424835 0.30679156908665106 0.4068627450980392 0.31381733021077285 0.4068627450980392
2 0.7142857142857143 0.7369281045751634 0.7213114754098361 0.7401960784313726 0.7259953161592506 0.7483660130718954 0.7377049180327869 0.7549019607843137 0.7564402810304449 0.7532679738562091 0.7587822014051522 0.7516339869281046 0.7728337236533958 0.7598039215686274 0.7822014051522248 0.7712418300653595 0.7822014051522248 0.7761437908496732 0.775175644028103 0.7810457516339869 0.7611241217798594 0.7843137254901961 0.7283372365339579 0.7826797385620915 0.7189695550351288 0.7777777777777778 0.7096018735362998 0.7679738562091504 0.6978922716627635 0.7761437908496732 0.6908665105386417 0.7777777777777778 0.6416861826697893 0.7761437908496732 0.639344262295082 0.7728758169934641 0.6416861826697893 0.7679738562091504 0.6463700234192038 0.7647058823529411 0.6604215456674473 0.7630718954248366 0.667447306791569 0.7581699346405228 0.6744730679156908 0.7434640522875817 0.6955503512880562 0.7369281045751634 0.711943793911007 0.7369281045751634
2 0.6838407494145199 0.8513071895424836 0.6861826697892272 0.8529411764705882 0.7072599531615925 0.8545751633986928 0.7236533957845434 0.8464052287581699 0.7423887587822015 0.8529411764705882 0.7564402810304449 0.8676470588235294 0.7447306791569087 0.8774509803921569 0.7400468384074942 0.8774509803921569 0.7283372365339579 0.8823529411764706 0.6814988290398126 0.880718954248366 0.6651053864168618 0.8741830065359477 0.6604215456674473 0.869281045751634 0.6604215456674473 0.8611111111111112 0.6814988290398126 0.8513071895424836
2 0.40046838407494145 0.3480392156862745 0.41217798594847777 0.3480392156862745 0.405152224824356 0.3545751633986928 0.41920374707259955 0.35784313725490197 0.41920374707259955 0.3627450980392157 0.40749414519906324 0.3660130718954248 0.41920374707259955 0.369281045751634 0.41920374707259955 0.3758169934640523 0.4098360655737705 0.380718954248366 0.3981264637002342 0.380718954248366 0.3840749414519906 0.3709150326797386 0.37236533957845436 0.3709150326797386 0.3700234192037471 0.369281045751634 0.38173302107728335 0.3660130718954248 0.38875878220140514 0.3545751633986928 0.39344262295081966 0.3545751633986928 0.40046838407494145 0.34967320261437906