0 0.18673218673218672 0.923202614379085 0.1941031941031941 0.9264705882352942 0.20884520884520885 0.9444444444444444 0.2457002457002457 0.9689542483660131 0.24815724815724816 0.9722222222222222 0.24815724815724816 0.9820261437908496 0.2457002457002457 0.9852941176470589 0.2334152334152334 0.9934640522875817 0.22358722358722358 0.9950980392156863 0.20884520884520885 0.9950980392156863 0.20638820638820637 0.9934640522875817 0.20147420147420148 0.9950980392156863 0.1941031941031941 0.9934640522875817 0.19901719901719903 0.9934640522875817 0.20393120393120392 0.9901960784313726 0.20147420147420148 0.988562091503268 0.1891891891891892 0.988562091503268 0.171990171990172 0.9918300653594772 0.16707616707616707 0.9820261437908496 0.14742014742014742 0.9901960784313726 0.13022113022113022 0.9901960784313726 0.11056511056511056 0.9771241830065359 0.11056511056511056 0.9722222222222222 0.12530712530712532 0.9624183006535948 0.12776412776412777 0.9575163398692811 0.14496314496314497 0.9444444444444444 0.16953316953316952 0.9281045751633987 0.18427518427518427 0.9248366013071896
0 0.42997542997543 0.6323529411764706 0.43243243243243246 0.6405228758169934 0.43734643734643736 0.6454248366013072 0.4643734643734644 0.6535947712418301 0.47911547911547914 0.6633986928104575 0.47665847665847666 0.6699346405228758 0.4692874692874693 0.6715686274509803 0.44226044226044225 0.6715686274509803 0.43243243243243246 0.6748366013071896 0.40540540540540543 0.6748366013071896 0.3882063882063882 0.6699346405228758 0.3906633906633907 0.6601307189542484 0.4152334152334152 0.6437908496732027 0.4201474201474201 0.6356209150326797 0.4275184275184275 0.6323529411764706
0 0.3832923832923833 0.6045751633986928 0.3857493857493858 0.6062091503267973 0.3906633906633907 0.6045751633986928 0.4004914004914005 0.6062091503267973 0.41277641277641275 0.6045751633986928 0.4250614250614251 0.6160130718954249 0.4152334152334152 0.6225490196078431 0.4152334152334152 0.6258169934640523 0.4004914004914005 0.6274509803921569 0.3808353808353808 0.6388888888888888 0.35872235872235875 0.6421568627450981 0.3488943488943489 0.6470588235294118 0.32678132678132676 0.6519607843137255 0.3194103194103194 0.6568627450980392 0.32186732186732187 0.6601307189542484 0.3194103194103194 0.6617647058823529 0.3194103194103194 0.6683006535947712 0.32923832923832924 0.6764705882352942 0.3366093366093366 0.6781045751633987 0.33415233415233414 0.6862745098039216 0.32432432432432434 0.6862745098039216 0.32186732186732187 0.684640522875817 0.32186732186732187 0.6781045751633987 0.31695331695331697 0.6748366013071896 0.3095823095823096 0.6764705882352942 0.3046683046683047 0.673202614379085 0.2972972972972973 0.673202614379085 0.29238329238329236 0.6764705882352942 0.28255528255528256 0.6764705882352942 0.27764127764127766 0.6813725490196079 0.27764127764127766 0.684640522875817 0.2727272727272727 0.6813725490196079 0.2702702702702703 0.6748366013071896 0.257985257985258 0.6715686274509803 0.25061425061425063 0.673202614379085 0.2457002457002457 0.684640522875817 0.24324324324324326 0.6830065359477124 0.22604422604422605 0.6862745098039216 0.22113022113022113 0.6830065359477124 0.21375921375921375 0.6830065359477124 0.20884520884520885 0.6781045751633987 0.19901719901719903 0.6748366013071896 0.19656019656019655 0.6601307189542484 0.20884520884520885 0.6519607843137255 0.2113022113022113 0.6552287581699346 0.21375921375921375 0.6503267973856209 0.22113022113022113 0.6486928104575164 0.22113022113022113 0.6437908496732027 0.22604422604422605 0.6454248366013072 0.25307125307125306 0.6339869281045751 0.2800982800982801 0.6290849673202614 0.28746928746928746 0.6258169934640523 0.3022113022113022 0.6241830065359477 0.3071253071253071 0.6209150326797386 0.32432432432432434 0.619281045751634 0.343980343980344 0.6127450980392157 0.35135135135135137 0.6127450980392157 0.36363636363636365 0.6062091503267973 0.3808353808353808 0.6045751633986928
0 0.29238329238329236 0.7026143790849673 0.29484029484029484 0.704248366013072 0.29975429975429974 0.7026143790849673 0.3022113022113022 0.704248366013072 0.3046683046683047 0.7026143790849673 0.32678132678132676 0.704248366013072 0.3366093366093366 0.7124183006535948 0.33415233415233414 0.7205882352941176 0.32678132678132676 0.7222222222222222 0.32186732186732187 0.7205882352941176 0.3144963144963145 0.7238562091503268 0.3194103194103194 0.7271241830065359 0.3144963144963145 0.7287581699346405 0.31203931203931207 0.7369281045751634 0.3071253071253071 0.738562091503268 0.3022113022113022 0.7369281045751634 0.29975429975429974 0.7401960784313726 0.28992628992628994 0.7401960784313726 0.28501228501228504 0.7434640522875817 0.27764127764127766 0.7418300653594772 0.2702702702702703 0.7450980392156863 0.2678132678132678 0.75 0.24815724815724816 0.7532679738562091 0.24078624078624078 0.7581699346405228 0.2334152334152334 0.7581699346405228 0.22604422604422605 0.7630718954248366 0.21621621621621623 0.7647058823529411 0.20147420147420148 0.7630718954248366 0.1941031941031941 0.7647058823529411 0.1891891891891892 0.7712418300653595 0.1769041769041769 0.7712418300653595 0.15724815724815724 0.7598039215686274 0.14004914004914004 0.7549019607843137 0.13267813267813267 0.7549019607843137 0.12776412776412777 0.7516339869281046 0.13022113022113022 0.7483660130718954 0.13513513513513514 0.7450980392156863 0.15724815724815724 0.7401960784313726 0.16216216216216217 0.7369281045751634 0.1941031941031941 0.7271241830065359 0.21867321867321868 0.7222222222222222 0.23832923832923833 0.7156862745098039 0.26044226044226043 0.7124183006535948 0.2800982800982801 0.704248366013072 0.28992628992628994 0.704248366013072
0 0.5552825552825553 0.26143790849673204 0.5626535626535627 0.2630718954248366 0.5675675675675675 0.25980392156862747 0.5798525798525799 0.25980392156862747 0.5872235872235873 0.2630718954248366 0.6093366093366094 0.2647058823529412 0.6117936117936118 0.26633986928104575 0.6117936117936118 0.27450980392156865 0.6068796068796068 0.2761437908496732 0.5847665847665847 0.2761437908496732 0.5823095823095823 0.2777777777777778 0.5749385749385749 0.2761437908496732 0.5405405405405406 0.2761437908496732 0.538083538083538 0.2679738562091503 0.5528255528255528 0.26143790849673204
0 0.36363636363636365 0.7434640522875817 0.3783783783783784 0.7467320261437909 0.3857493857493858 0.7516339869281046 0.3906633906633907 0.7598039215686274 0.4152334152334152 0.7712418300653595 0.4201474201474201 0.7794117647058824 0.4176904176904177 0.7941176470588235 0.41277641277641275 0.7973856209150327 0.40786240786240785 0.7973856209150327 0.4004914004914005 0.8006535947712419 0.3857493857493858 0.8006535947712419 0.3759213759213759 0.803921568627451 0.3538083538083538 0.803921568627451 0.35135135135135137 0.8055555555555556 0.3415233415233415 0.803921568627451 0.3366093366093366 0.8071895424836601 0.31203931203931207 0.8071895424836601 0.3022113022113022 0.8022875816993464 0.25307125307125306 0.7941176470588235 0.24078624078624078 0.7859477124183006 0.23832923832923833 0.7745098039215687 0.2457002457002457 0.7647058823529411 0.2751842751842752 0.7549019607843137 0.2800982800982801 0.7549019607843137 0.28992628992628994 0.75 0.29975429975429974 0.75 0.32678132678132676 0.7450980392156863 0.33906633906633904 0.7450980392156863 0.3464373464373464 0.7418300653594772 0.36117936117936117 0.7434640522875817
0 0.5773955773955773 0.3872549019607843 0.5798525798525799 0.39215686274509803 0.5921375921375921 0.3937908496732026 0.5995085995085995 0.39705882352941174 0.5872235872235873 0.4019607843137255 0.5823095823095823 0.4019607843137255 0.5773955773955773 0.40522875816993464 0.5675675675675675 0.40522875816993464 0.5651105651105651 0.4068627450980392 0.5503685503685504 0.40522875816993464 0.542997542997543 0.40032679738562094 0.5405405405405406 0.3937908496732026 0.5454545454545454 0.3937908496732026 0.5626535626535627 0.3872549019607843 0.5749385749385749 0.3872549019607843
0 0.628992628992629 0.3284313725490196 0.6388206388206388 0.3300653594771242 0.6412776412776413 0.33169934640522875 0.6388206388206388 0.3349673202614379 0.6191646191646192 0.3349673202614379 0.6167076167076168 0.3300653594771242 0.6265356265356266 0.3284313725490196
0 0.5995085995085995 0.34477124183006536 0.601965601965602 0.34477124183006536 0.597051597051597 0.3480392156862745 0.597051597051597 0.3545751633986928 0.601965601965602 0.3611111111111111 0.5995085995085995 0.36437908496732024 0.601965601965602 0.3741830065359477 0.5823095823095823 0.3790849673202614 0.5724815724815725 0.37745098039215685 0.5577395577395577 0.38235294117647056 0.5528255528255528 0.38235294117647056 0.542997542997543 0.3758169934640523 0.538083538083538 0.3758169934640523 0.538083538083538 0.369281045751634 0.5503685503685504 0.3627450980392157 0.5528255528255528 0.3545751633986928 0.5601965601965602 0.35130718954248363 0.5872235872235873 0.34967320261437906 0.597051597051597 0.34477124183006536
0 0.22358722358722358 0.6405228758169934 0.23832923832923833 0.6437908496732027 0.23587223587223588 0.6535947712418301 0.21375921375921375 0.6584967320261438 0.19656019656019655 0.673202614379085 0.19901719901719903 0.6797385620915033 0.22358722358722358 0.6928104575163399 0.22358722358722358 0.6993464052287581 0.21867321867321868 0.7026143790849673 0.21621621621621623 0.7091503267973857 0.20884520884520885 0.7140522875816994 0.18673218673218672 0.7189542483660131 0.18181818181818182 0.7238562091503268 0.16953316953316952 0.7238562091503268 0.14496314496314497 0.7287581699346405 0.1375921375921376 0.7271241830065359 0.13267813267813267 0.7303921568627451 0.13022113022113022 0.7401960784313726 0.12285012285012285 0.7450980392156863 0.10810810810810811 0.75 0.09336609336609336 0.7598039215686274 0.08353808353808354 0.7712418300653595 0.07616707616707617 0.7696078431372549 0.07125307125307126 0.7728758169934641 0.07371007371007371 0.7761437908496732 0.07125307125307126 0.7794117647058824 0.06633906633906633 0.7761437908496732 0.06142506142506143 0.7794117647058824 0.056511056511056514 0.7843137254901961 0.056511056511056514 0.7924836601307189 0.04914004914004914 0.7875816993464052 0.04176904176904177 0.7875816993464052 0.02457002457002457 0.7941176470588235 0.022113022113022112 0.7990196078431373 0.019656019656019656 0.7990196078431373 0.0171990171990172 0.7941176470588235 0.007371007371007371 0.8006535947712419 0 0.8006535947712419 0 0.7794117647058824 0.002457002457002457 0.7777777777777778 0 0.7728758169934641 0 0.7581699346405228 0.004914004914004914 0.7516339869281046 0.002457002457002457 0.7483660130718954 0.004914004914004914 0.7450980392156863 0.002457002457002457 0.7401960784313726 0.002457002457002457 0.7238562091503268 0.014742014742014743 0.7124183006535948 0.007371007371007371 0.7058823529411765 0.012285012285012284 0.6993464052287581 0.022113022113022112 0.6977124183006536 0.029484029484029485 0.6928104575163399 0.036855036855036855 0.6977124183006536 0.03931203931203931 0.6928104575163399 0.04914004914004914 0.6911764705882353 0.051597051597051594 0.6862745098039216 0.056511056511056514 0.6862745098039216 0.06388206388206388 0.6781045751633987 0.0687960687960688 0.6764705882352942 0.08353808353808354 0.6764705882352942 0.08845208845208845 0.673202614379085 0.09336609336609336 0.6633986928104575 0.10073710073710074 0.6601307189542484 0.12039312039312039 0.6584967320261438 0.12285012285012285 0.6568627450980392 0.13267813267813267 0.6584967320261438 0.1547911547911548 0.6519607843137255 0.15724815724815724 0.6535947712418301 0.16461916461916462 0.6519607843137255 0.16707616707616707 0.6535947712418301 0.1769041769041769 0.6470588235294118 0.19656019656019655 0.6470588235294118 0.20393120393120392 0.6437908496732027 0.22113022113022113 0.6405228758169934
0 0.5454545454545454 0.3300653594771242 0.5626535626535627 0.3284313725490196 0.5651105651105651 0.3349673202614379 0.5601965601965602 0.3382352941176471 0.5675675675675675 0.3415032679738562 0.5700245700245701 0.33986928104575165 0.5700245700245701 0.3415032679738562 0.5601965601965602 0.3431372549019608 0.542997542997543 0.3349673202614379 0.5454545454545454 0.33169934640522875
0 0.4619164619164619 0.4035947712418301 0.4864864864864865 0.39705882352941174 0.5135135135135135 0.3937908496732026 0.515970515970516 0.39869281045751637 0.5110565110565111 0.4019607843137255 0.5061425061425061 0.4019607843137255 0.4987714987714988 0.40522875816993464 0.48894348894348894 0.4068627450980392 0.4668304668304668 0.4068627450980392 0.4643734643734644 0.40522875816993464
0 0.538083538083538 0.3088235294117647 0.538083538083538 0.30392156862745096 0.5528255528255528 0.29901960784313725 0.5601965601965602 0.29901960784313725 0.5601965601965602 0.30392156862745096 0.5528255528255528 0.30718954248366015 0.542997542997543 0.30718954248366015 0.5405405405405406 0.3088235294117647
0 0.5577395577395577 0.29411764705882354 0.5675675675675675 0.2957516339869281 0.5724815724815725 0.3006535947712418 0.5700245700245701 0.31209150326797386 0.542997542997543 0.3235294117647059 0.5307125307125307 0.3235294117647059 0.5307125307125307 0.32189542483660133 0.5405405405405406 0.3202614379084967 0.5356265356265356 0.31862745098039214 0.542997542997543 0.3137254901960784 0.538083538083538 0.3104575163398693 0.538083538083538 0.3055555555555556 0.5577395577395577 0.2957516339869281
0 0.6437346437346437 0.2679738562091503 0.6461916461916462 0.26633986928104575 0.6535626535626535 0.2679738562091503 0.6658476658476659 0.2761437908496732 0.6732186732186732 0.28594771241830064 0.687960687960688 0.29248366013071897 0.687960687960688 0.2973856209150327 0.6781326781326781 0.2957516339869281 0.6609336609336609 0.28594771241830064 0.6461916461916462 0.27450980392156865 0.6461916461916462 0.2696078431372549
0 0.5208845208845209 0.1830065359477124 0.5282555282555282 0.184640522875817 0.5282555282555282 0.18790849673202614 0.538083538083538 0.19117647058823528 0.542997542997543 0.19607843137254902 0.542997542997543 0.20098039215686275 0.547911547911548 0.20751633986928106 0.5626535626535627 0.21405228758169934 0.5626535626535627 0.2173202614379085 0.5724815724815725 0.22549019607843138 0.5798525798525799 0.22712418300653595 0.6191646191646192 0.25 0.6388206388206388 0.2549019607843137 0.6412776412776413 0.25980392156862747 0.6560196560196561 0.2696078431372549 0.6683046683046683 0.28431372549019607 0.683046683046683 0.29248366013071897 0.6805896805896806 0.29901960784313725 0.683046683046683 0.3104575163398693 0.6781326781326781 0.3202614379084967 0.6756756756756757 0.3202614379084967 0.6756756756756757 0.31699346405228757 0.6707616707616708 0.315359477124183 0.6683046683046683 0.3104575163398693 0.6633906633906634 0.30718954248366015 0.6584766584766585 0.30718954248366015 0.6560196560196561 0.3137254901960784 0.6437346437346437 0.32516339869281047 0.6461916461916462 0.33169934640522875 0.6388206388206388 0.3349673202614379 0.6240786240786241 0.3349673202614379 0.6117936117936118 0.33986928104575165 0.6117936117936118 0.3464052287581699 0.6142506142506142 0.3480392156862745 0.6240786240786241 0.34477124183006536 0.6363636363636364 0.3464052287581699 0.6388206388206388 0.35130718954248363 0.628992628992629 0.35947712418300654 0.6363636363636364 0.36437908496732024 0.6437346437346437 0.35947712418300654 0.6461916461916462 0.36437908496732024 0.6560196560196561 0.3709150326797386 0.6535626535626535 0.3758169934640523 0.6461916461916462 0.3741830065359477 0.6363636363636364 0.38235294117647056 0.6216216216216216 0.3790849673202614 0.6117936117936118 0.3839869281045752 0.6216216216216216 0.39215686274509803 0.6265356265356266 0.39215686274509803 0.6314496314496314 0.3888888888888889 0.6363636363636364 0.39215686274509803 0.6388206388206388 0.39052287581699346 0.6461916461916462 0.39705882352941174 0.6486486486486487 0.3937908496732026 0.6535626535626535 0.3937908496732026 0.6535626535626535 0.39869281045751637 0.6486486486486487 0.40032679738562094 0.6633906633906634 0.40522875816993464 0.6707616707616708 0.40522875816993464 0.6584766584766585 0.4133986928104575 0.6560196560196561 0.4199346405228758 0.6511056511056511 0.4199346405228758 0.6461916461916462 0.42483660130718953 0.6437346437346437 0.4215686274509804 0.6388206388206388 0.42483660130718953 0.6388206388206388 0.43137254901960786 0.6437346437346437 0.434640522875817 0.6511056511056511 0.434640522875817 0.6560196560196561 0.43137254901960786 0.6511056511056511 0.42810457516339867 0.6535626535626535 0.42810457516339867 0.6560196560196561 0.43137254901960786 0.6535626535626535 0.434640522875817 0.6461916461916462 0.434640522875817 0.6388206388206388 0.4395424836601307 0.6339066339066339 0.4395424836601307 0.628992628992629 0.4362745098039216 0.6167076167076168 0.434640522875817 0.6044226044226044 0.4297385620915033 0.5798525798525799 0.4297385620915033 0.5773955773955773 0.42810457516339867 0.5724815724815725 0.4297385620915033 0.5724815724815725 0.42483660130718953 0.5945945945945946 0.41013071895424835 0.5921375921375921 0.4035947712418301 0.5823095823095823 0.39869281045751637 0.5651105651105651 0.4068627450980392 0.547911547911548 0.40522875816993464 0.5331695331695332 0.3937908496732026 0.5282555282555282 0.3954248366013072 0.5208845208845209 0.3937908496732026 0.5257985257985258 0.3937908496732026 0.5307125307125307 0.3872549019607843 0.5208845208845209 0.380718954248366 0.5085995085995086 0.3790849673202614 0.5110565110565111 0.37254901960784315 0.5233415233415234 0.3709150326797386 0.5356265356265356 0.3627450980392157 0.5307125307125307 0.35947712418300654 0.5257985257985258 0.3611111111111111 0.515970515970516 0.35784313725490197 0.5233415233415234 0.35130718954248363 0.5356265356265356 0.35130718954248363 0.538083538083538 0.3545751633986928 0.5356265356265356 0.3627450980392157 0.542997542997543 0.36764705882352944 0.547911547911548 0.3660130718954248 0.5454545454545454 0.3627450980392157 0.5454545454545454 0.35130718954248363 0.5454545454545454 0.35947712418300654 0.5503685503685504 0.3611111111111111 0.5528255528255528 0.36764705882352944 0.5552825552825553 0.3660130718954248 0.5552825552825553 0.35947712418300654 0.5626535626535627 0.35784313725490197 0.5626535626535627 0.3545751633986928 0.5552825552825553 0.3464052287581699 0.5552825552825553 0.3415032679738562 0.542997542997543 0.3366013071895425 0.538083538083538 0.32679738562091504 0.5282555282555282 0.3235294117647059 0.5282555282555282 0.31862745098039214 0.5356265356265356 0.3137254901960784 0.538083538083538 0.30392156862745096 0.547911547911548 0.29248366013071897 0.547911547911548 0.28431372549019607 0.5282555282555282 0.2696078431372549 0.5257985257985258 0.2647058823529412 0.5307125307125307 0.26143790849673204 0.542997542997543 0.2581699346405229 0.5454545454545454 0.25 0.5307125307125307 0.2369281045751634 0.5307125307125307 0.23202614379084968 0.515970515970516 0.2238562091503268 0.5110565110565111 0.2173202614379085 0.5110565110565111 0.2107843137254902 0.515970515970516 0.20915032679738563 0.5208845208845209 0.19934640522875818 0.5208845208845209 0.184640522875817
0 0.5184275184275184 0.4411764705882353 0.5208845208845209 0.44281045751633985 0.5651105651105651 0.4411764705882353 0.5651105651105651 0.44281045751633985 0.5601965601965602 0.44281045751633985 0.5356265356265356 0.4526143790849673 0.5257985257985258 0.4526143790849673 0.4987714987714988 0.45751633986928103 0.48402948402948404 0.45751633986928103 0.48157248157248156 0.4591503267973856 0.47911547911547914 0.45751633986928103 0.4692874692874693 0.45751633986928103 0.47174447174447176 0.4526143790849673 0.4864864864864865 0.45098039215686275 0.515970515970516 0.44281045751633985
0 0.32186732186732187 0.6552287581699346 0.32678132678132676 0.6584967320261438 0.32923832923832924 0.6699346405228758 0.33415233415233414 0.6764705882352942 0.33906633906633904 0.6781045751633987 0.33415233415233414 0.6879084967320261 0.3144963144963145 0.6862745098039216 0.3022113022113022 0.6928104575163399 0.29975429975429974 0.6895424836601307 0.28255528255528256 0.6928104575163399 0.27764127764127766 0.6895424836601307 0.2751842751842752 0.6911764705882353 0.25307125307125306 0.6911764705882353 0.24078624078624078 0.6944444444444444 0.2334152334152334 0.6928104575163399 0.23095823095823095 0.6879084967320261 0.22113022113022113 0.6813725490196079 0.21621621621621623 0.6813725490196079 0.21375921375921375 0.6764705882352942 0.21867321867321868 0.673202614379085 0.2334152334152334 0.6683006535947712 0.24324324324324326 0.6683006535947712 0.26044226044226043 0.6650326797385621 0.2678132678132678 0.6617647058823529 0.2751842751842752 0.6617647058823529 0.27764127764127766 0.6584967320261438 0.28501228501228504 0.6601307189542484 0.28746928746928746 0.6584967320261438 0.3194103194103194 0.6552287581699346
0 0.3464373464373464 0.15359477124183007 0.3415233415233415 0.1568627450980392 0.3071253071253071 0.16176470588235295 0.2800982800982801 0.16993464052287582 0.257985257985258 0.17483660130718953 0.2457002457002457 0.17483660130718953 0.23587223587223588 0.1781045751633987 0.23095823095823095 0.1781045751633987 0.2334152334152334 0.1715686274509804 0.2457002457002457 0.16666666666666666 0.26044226044226043 0.1650326797385621 0.2702702702702703 0.15849673202614378 0.2800982800982801 0.16013071895424835 0.29484029484029484 0.15522875816993464 0.3071253071253071 0.1568627450980392 0.32186732186732187 0.15359477124183007 0.343980343980344 0.15359477124183007
0 0.6216216216216216 0.3104575163398693 0.6265356265356266 0.3137254901960784 0.6486486486486487 0.315359477124183 0.6511056511056511 0.31699346405228757 0.6486486486486487 0.31862745098039214 0.6412776412776413 0.32189542483660133 0.6363636363636364 0.3202614379084967 0.6339066339066339 0.32189542483660133 0.6216216216216216 0.3202614379084967 0.6117936117936118 0.32679738562091504 0.5945945945945946 0.32516339869281047 0.5872235872235873 0.3284313725490196 0.5749385749385749 0.3235294117647059 0.5724815724815725 0.31699346405228757 0.5773955773955773 0.31209150326797386 0.5823095823095823 0.3104575163398693 0.6191646191646192 0.3104575163398693
0 0.43243243243243246 0.6323529411764706 0.43734643734643736 0.6356209150326797 0.44471744471744473 0.6356209150326797 0.4643734643734644 0.6470588235294118 0.4692874692874693 0.6486928104575164 0.47174447174447176 0.6470588235294118 0.48157248157248156 0.6552287581699346 0.48894348894348894 0.6552287581699346 0.4987714987714988 0.6601307189542484 0.5012285012285013 0.6584967320261438 0.5135135135135135 0.6633986928104575 0.5331695331695332 0.6666666666666666 0.5577395577395577 0.6797385620915033 0.5872235872235873 0.6879084967320261 0.601965601965602 0.696078431372549 0.6314496314496314 0.7075163398692811 0.6461916461916462 0.7173202614379085 0.6511056511056511 0.7238562091503268 0.6486486486486487 0.7320261437908496 0.6437346437346437 0.7352941176470589 0.6363636363636364 0.7320261437908496 0.6191646191646192 0.7287581699346405 0.6167076167076168 0.7303921568627451 0.6093366093366094 0.7287581699346405 0.5823095823095823 0.7287581699346405 0.542997542997543 0.7222222222222222 0.5307125307125307 0.7173202614379085 0.5233415233415234 0.7173202614379085 0.5110565110565111 0.7124183006535948 0.5036855036855037 0.7124183006535948 0.48402948402948404 0.7026143790849673 0.4520884520884521 0.6944444444444444 0.44717444717444715 0.6879084967320261 0.44226044226044225 0.684640522875817 0.43734643734643736 0.684640522875817 0.42997542997543 0.6764705882352942 0.4201474201474201 0.6764705882352942 0.4176904176904177 0.6781045751633987 0.4103194103194103 0.6748366013071896 0.39803439803439805 0.6748366013071896 0.3882063882063882 0.6715686274509803 0.3538083538083538 0.6683006535947712 0.3415233415233415 0.6601307189542484 0.3415233415233415 0.6568627450980392 0.3464373464373464 0.6535947712418301 0.35872235872235875 0.6486928104575164 0.3759213759213759 0.6470588235294118 0.3882063882063882 0.6421568627450981 0.39803439803439805 0.6405228758169934 0.40294840294840295 0.6421568627450981 0.4103194103194103 0.6356209150326797 0.42997542997543 0.6323529411764706
0 0.6142506142506142 0.39052287581699346 0.6167076167076168 0.39215686274509803 0.6363636363636364 0.39215686274509803 0.6461916461916462 0.3954248366013072 0.6633906633906634 0.3954248366013072 0.683046683046683 0.4019607843137255 0.687960687960688 0.40522875816993464 0.6855036855036855 0.4084967320261438 0.6683046683046683 0.4084967320261438 0.6658476658476659 0.41013071895424835 0.6511056511056511 0.4084967320261438 0.6461916461916462 0.40522875816993464 0.6339066339066339 0.4019607843137255 0.6093366093366094 0.39869281045751637 0.6044226044226044 0.3937908496732026 0.6117936117936118 0.39052287581699346
0 0.4692874692874693 0.5392156862745098 0.4668304668304668 0.5424836601307189 0.457002457002457 0.5441176470588235 0.44717444717444715 0.5506535947712419 0.4275184275184275 0.5571895424836601 0.4201474201474201 0.5571895424836601 0.4103194103194103 0.5604575163398693 0.3857493857493858 0.5604575163398693 0.3832923832923833 0.5620915032679739 0.37346437346437344 0.5620915032679739 0.35872235872235875 0.5588235294117647 0.35872235872235875 0.5571895424836601 0.36855036855036855 0.5555555555555556 0.3832923832923833 0.5490196078431373 0.4275184275184275 0.545751633986928 0.45454545454545453 0.5392156862745098 0.4668304668304668 0.5392156862745098
0 0.5626535626535627 0.3300653594771242 0.5675675675675675 0.3333333333333333 0.5724815724815725 0.33169934640522875 0.5773955773955773 0.3333333333333333 0.5847665847665847 0.33169934640522875 0.6044226044226044 0.3333333333333333 0.6117936117936118 0.3431372549019608 0.6044226044226044 0.35294117647058826 0.5872235872235873 0.3611111111111111 0.5847665847665847 0.35947712418300654 0.5798525798525799 0.3611111111111111 0.5749385749385749 0.35784313725490197 0.5700245700245701 0.35784313725490197 0.5626535626535627 0.3627450980392157 0.547911547911548 0.3660130718954248 0.5454545454545454 0.34967320261437906 0.547911547911548 0.34477124183006536 0.5552825552825553 0.3415032679738562 0.5528255528255528 0.3382352941176471 0.5601965601965602 0.3349673202614379 0.5601965601965602 0.33169934640522875
0 0.4201474201474201 0.5277777777777778 0.4176904176904177 0.5261437908496732 0.4103194103194103 0.5343137254901961 0.3955773955773956 0.5375816993464052 0.3882063882063882 0.5424836601307189 0.3931203931203931 0.545751633986928 0.4103194103194103 0.545751633986928 0.44471744471744473 0.5375816993464052 0.47174447174447176 0.5375816993464052 0.47911547911547914 0.5424836601307189 0.47174447174447176 0.545751633986928 0.4692874692874693 0.5441176470588235 0.4643734643734644 0.5490196078431373 0.4619164619164619 0.5441176470588235 0.42997542997543 0.5571895424836601 0.4152334152334152 0.5588235294117647 0.40540540540540543 0.5620915032679739 0.3882063882063882 0.5620915032679739 0.36609336609336607 0.5718954248366013 0.36117936117936117 0.576797385620915 0.35872235872235875 0.5735294117647058 0.3538083538083538 0.5751633986928104 0.35135135135135137 0.5718954248366013 0.343980343980344 0.5718954248366013 0.3415233415233415 0.5735294117647058 0.3316953316953317 0.5735294117647058 0.31695331695331697 0.5816993464052288 0.3071253071253071 0.5816993464052288 0.3046683046683047 0.5833333333333334 0.24815724815724816 0.5833333333333334 0.24324324324324326 0.5849673202614379 0.23832923832923833 0.5816993464052288 0.24324324324324326 0.5784313725490197 0.26535626535626533 0.5735294117647058 0.2702702702702703 0.5702614379084967 0.2751842751842752 0.5702614379084967 0.28255528255528256 0.5669934640522876 0.3095823095823096 0.5637254901960784 0.3194103194103194 0.5604575163398693 0.3316953316953317 0.5604575163398693 0.3538083538083538 0.553921568627451 0.371007371007371 0.545751633986928 0.36363636363636365 0.5392156862745098 0.36363636363636365 0.5359477124183006 0.3759213759213759 0.5294117647058824 0.3906633906633907 0.5294117647058824 0.39803439803439805 0.5261437908496732 0.40294840294840295 0.5277777777777778 0.40786240786240785 0.5245098039215687 0.43243243243243246 0.5228758169934641 0.4348894348894349 0.5212418300653595 0.43734643734643736 0.5228758169934641 0.43243243243243246 0.5261437908496732 0.4226044226044226 0.5261437908496732
0 0.15724815724815724 0.7401960784313726 0.1547911547911548 0.7434640522875817 0.14250614250614252 0.7467320261437909 0.14250614250614252 0.7516339869281046 0.14496314496314497 0.7532679738562091 0.15724815724815724 0.7532679738562091 0.1769041769041769 0.7565359477124183 0.1891891891891892 0.7679738562091504 0.18673218673218672 0.7728758169934641 0.1941031941031941 0.7761437908496732 0.19901719901719903 0.7761437908496732 0.19901719901719903 0.7826797385620915 0.19656019656019655 0.7843137254901961 0.19901719901719903 0.7924836601307189 0.18181818181818182 0.8022875816993464 0.18427518427518427 0.8071895424836601 0.17936117936117937 0.8088235294117647 0.17936117936117937 0.8006535947712419 0.1769041769041769 0.7990196078431373 0.17936117936117937 0.795751633986928 0.17444717444717445 0.7924836601307189 0.16461916461916462 0.7973856209150327 0.171990171990172 0.803921568627451 0.171990171990172 0.8120915032679739 0.16216216216216217 0.8137254901960784 0.1597051597051597 0.8104575163398693 0.16216216216216217 0.8006535947712419 0.1597051597051597 0.7990196078431373 0.15724815724815724 0.8006535947712419 0.14004914004914004 0.7908496732026143 0.12530712530712532 0.7973856209150327 0.12530712530712532 0.8006535947712419 0.13267813267813267 0.8022875816993464 0.13267813267813267 0.8071895424836601 0.14004914004914004 0.8088235294117647 0.14004914004914004 0.8120915032679739 0.13513513513513514 0.815359477124183 0.13267813267813267 0.8137254901960784 0.12285012285012285 0.8202614379084967 0.11056511056511056 0.8137254901960784 0.10565110565110565 0.8169934640522876 0.10565110565110565 0.8251633986928104 0.10810810810810811 0.826797385620915 0.10073710073710074 0.8300653594771242 0.10073710073710074 0.8333333333333334 0.09090909090909091 0.8333333333333334 0.07616707616707617 0.8382352941176471 0.07371007371007371 0.8366013071895425 0.04914004914004914 0.8447712418300654 0.044226044226044224 0.8398692810457516 0.03931203931203931 0.8398692810457516 0.029484029484029485 0.8447712418300654 0.02702702702702703 0.8496732026143791 0.02457002457002457 0.8480392156862745 0.0171990171990172 0.8529411764705882 0.009828009828009828 0.8513071895424836 0.004914004914004914 0.8529411764705882 0.002457002457002457 0.8513071895424836 0 0.8480392156862745 0 0.8366013071895425 0.002457002457002457 0.8300653594771242 0.007371007371007371 0.826797385620915 0.009828009828009828 0.8284313725490197 0.014742014742014743 0.826797385620915 0.019656019656019656 0.8284313725490197 0.022113022113022112 0.8251633986928104 0.0343980343980344 0.8218954248366013 0.036855036855036855 0.8104575163398693 0.0343980343980344 0.8088235294117647 0.03194103194103194 0.795751633986928 0.03931203931203931 0.7892156862745098 0.051597051597051594 0.7859477124183006 0.05896805896805897 0.7777777777777778 0.05896805896805897 0.7745098039215687 0.06388206388206388 0.7712418300653595 0.08353808353808354 0.7679738562091504 0.09090909090909091 0.7630718954248366 0.09582309582309582 0.7549019607843137 0.11056511056511056 0.75 0.12285012285012285 0.7483660130718954 0.1375921375921376 0.7418300653594772 0.1547911547911548 0.7401960784313726
0 0.3882063882063882 0.5964052287581699 0.3808353808353808 0.5947712418300654 0.3783783783783784 0.5964052287581699 0.36117936117936117 0.5964052287581699 0.35872235872235875 0.5980392156862745 0.3538083538083538 0.5947712418300654 0.35626535626535627 0.5849673202614379 0.3857493857493858 0.5751633986928104 0.41277641277641275 0.5735294117647058 0.4176904176904177 0.576797385620915 0.4176904176904177 0.5849673202614379 0.4103194103194103 0.5898692810457516 0.4004914004914005 0.5898692810457516 0.3906633906633907 0.5947712418300654
0 0.5773955773955773 0.3333333333333333 0.5798525798525799 0.3349673202614379 0.5847665847665847 0.3333333333333333 0.6044226044226044 0.3349673202614379 0.6191646191646192 0.34477124183006536 0.6191646191646192 0.3480392156862745 0.6142506142506142 0.34967320261437906 0.6117936117936118 0.3562091503267974 0.597051597051597 0.369281045751634 0.5995085995085995 0.37254901960784315 0.5945945945945946 0.3741830065359477 0.5896805896805897 0.3709150326797386 0.5773955773955773 0.3709150326797386 0.5601965601965602 0.36764705882352944 0.5503685503685504 0.369281045751634 0.5503685503685504 0.3562091503267974 0.5528255528255528 0.3545751633986928 0.5552825552825553 0.33986928104575165 0.5749385749385749 0.3333333333333333
0 0.4103194103194103 0.6029411764705882 0.4176904176904177 0.6062091503267973 0.4250614250614251 0.6143790849673203 0.4250614250614251 0.6176470588235294 0.4152334152334152 0.6225490196078431 0.4176904176904177 0.6258169934640523 0.4103194103194103 0.6274509803921569 0.40540540540540543 0.6258169934640523 0.3808353808353808 0.6388888888888888 0.35872235872235875 0.6421568627450981 0.3488943488943489 0.6470588235294118 0.3316953316953317 0.6503267973856209 0.32432432432432434 0.6535947712418301 0.32186732186732187 0.6601307189542484 0.33415233415233414 0.6699346405228758 0.33415233415233414 0.673202614379085 0.343980343980344 0.6781045751633987 0.3415233415233415 0.6862745098039216 0.33415233415233414 0.6911764705882353 0.32678132678132676 0.6911764705882353 0.32432432432432434 0.6944444444444444 0.31203931203931207 0.6911764705882353 0.3095823095823096 0.6928104575163399 0.31203931203931207 0.6993464052287581 0.3095823095823096 0.6977124183006536 0.3022113022113022 0.6993464052287581 0.29238329238329236 0.7058823529411765 0.2972972972972973 0.7091503267973857 0.29238329238329236 0.7124183006535948 0.28992628992628994 0.7107843137254902 0.27764127764127766 0.7124183006535948 0.2751842751842752 0.7091503267973857 0.26535626535626533 0.7107843137254902 0.2628992628992629 0.7124183006535948 0.26535626535626533 0.7189542483660131 0.26044226044226043 0.7205882352941176 0.25552825552825553 0.7189542483660131 0.24078624078624078 0.7271241830065359 0.23587223587223588 0.7271241830065359 0.21621621621621623 0.7434640522875817 0.20638820638820637 0.7483660130718954 0.20147420147420148 0.7483660130718954 0.19656019656019655 0.7516339869281046 0.1891891891891892 0.7516339869281046 0.18181818181818182 0.7549019607843137 0.1769041769041769 0.7581699346405228 0.17936117936117937 0.7598039215686274 0.1769041769041769 0.7647058823529411 0.16953316953316952 0.7679738562091504 0.171990171990172 0.7712418300653595 0.16953316953316952 0.7745098039215687 0.1597051597051597 0.7794117647058824 0.14987714987714987 0.7794117647058824 0.13513513513513514 0.7826797385620915 0.13022113022113022 0.7859477124183006 0.12039312039312039 0.7859477124183006 0.10810810810810811 0.7924836601307189 0.09090909090909091 0.7941176470588235 0.07371007371007371 0.8006535947712419 0.05896805896805897 0.8006535947712419 0.04914004914004914 0.8071895424836601 0.03931203931203931 0.8071895424836601 0.036855036855036855 0.8055555555555556 0.03931203931203931 0.8022875816993464 0.0343980343980344 0.7990196078431373 0.03194103194103194 0.8006535947712419 0.0343980343980344 0.795751633986928 0.03194103194103194 0.7941176470588235 0.0343980343980344 0.7908496732026143 0.03194103194103194 0.7859477124183006 0.022113022113022112 0.7908496732026143 0.022113022113022112 0.7941176470588235 0.02457002457002457 0.7892156862745098 0.019656019656019656 0.7761437908496732 0.022113022113022112 0.7728758169934641 0.02457002457002457 0.7777777777777778 0.02702702702702703 0.7712418300653595 0.029484029484029485 0.7712418300653595 0.029484029484029485 0.7761437908496732 0.02457002457002457 0.7794117647058824 0.02457002457002457 0.7826797385620915 0.029484029484029485 0.7859477124183006 0.0343980343980344 0.7843137254901961 0.0343980343980344 0.7777777777777778 0.03931203931203931 0.7745098039215687 0.0343980343980344 0.7679738562091504 0.036855036855036855 0.7663398692810458 0.04176904176904177 0.7696078431372549 0.044226044226044224 0.7679738562091504 0.03931203931203931 0.7581699346405228 0.04668304668304668 0.7581699346405228 0.056511056511056514 0.7532679738562091 0.0687960687960688 0.7581699346405228 0.07862407862407862 0.7532679738562091 0.08108108108108109 0.7581699346405228 0.085995085995086 0.7549019607843137 0.08845208845208845 0.7434640522875817 0.09828009828009827 0.738562091503268 0.09828009828009827 0.7303921568627451 0.09828009828009827 0.7336601307189542 0.10319410319410319 0.7369281045751634 0.10810810810810811 0.7336601307189542 0.10073710073710074 0.7189542483660131 0.11056511056511056 0.7173202614379085 0.11793611793611794 0.7238562091503268 0.12285012285012285 0.7189542483660131 0.12285012285012285 0.7156862745098039 0.13022113022113022 0.7156862745098039 0.13022113022113022 0.7222222222222222 0.14004914004914004 0.7254901960784313 0.14250614250614252 0.7238562091503268 0.14004914004914004 0.7189542483660131 0.14250614250614252 0.7140522875816994 0.14496314496314497 0.7107843137254902 0.1547911547911548 0.7091503267973857 0.15233415233415235 0.7058823529411765 0.1547911547911548 0.704248366013072 0.1597051597051597 0.7058823529411765 0.16461916461916462 0.7026143790849673 0.1769041769041769 0.704248366013072 0.18181818181818182 0.7009803921568627 0.1891891891891892 0.7058823529411765 0.1941031941031941 0.7009803921568627 0.2113022113022113 0.6977124183006536 0.2113022113022113 0.6911764705882353 0.20884520884520885 0.6895424836601307 0.19901719901719903 0.684640522875817 0.19164619164619165 0.6879084967320261 0.1769041769041769 0.6813725490196079 0.171990171990172 0.6715686274509803 0.16707616707616707 0.6683006535947712 0.15724815724815724 0.6715686274509803 0.15233415233415235 0.6683006535947712 0.14250614250614252 0.6683006535947712 0.13513513513513514 0.6633986928104575 0.13513513513513514 0.6584967320261438 0.14250614250614252 0.6552287581699346 0.16216216216216217 0.6535947712418301 0.16707616707616707 0.6503267973856209 0.17444717444717445 0.6503267973856209 0.17936117936117937 0.6470588235294118 0.20147420147420148 0.6454248366013072 0.21867321867321868 0.6405228758169934 0.23095823095823095 0.6405228758169934 0.24815724815724816 0.6339869281045751 0.26535626535626533 0.6323529411764706 0.2800982800982801 0.6274509803921569 0.3022113022113022 0.6241830065359477 0.3071253071253071 0.6209150326797386 0.31695331695331697 0.6209150326797386 0.3415233415233415 0.6127450980392157 0.35135135135135137 0.6127450980392157 0.36363636363636365 0.6013071895424836 0.3808353808353808 0.5996732026143791 0.40786240786240785 0.6045751633986928
0 0.601965601965602 0.4133986928104575 0.6068796068796068 0.4150326797385621 0.6142506142506142 0.42483660130718953 0.6068796068796068 0.42810457516339867 0.5945945945945946 0.42810457516339867 0.5921375921375921 0.4297385620915033 0.5675675675675675 0.4297385620915033 0.5626535626535627 0.4362745098039216 0.5626535626535627 0.4411764705882353 0.5601965601965602 0.4395424836601307 0.5528255528255528 0.4411764705882353 0.5405405405405406 0.434640522875817 0.538083538083538 0.4362745098039216 0.515970515970516 0.4362745098039216 0.5135135135135135 0.434640522875817 0.515970515970516 0.4297385620915033 0.5307125307125307 0.42483660130718953 0.5405405405405406 0.41830065359477125 0.5454545454545454 0.41830065359477125 0.547911547911548 0.4166666666666667 0.5454545454545454 0.4150326797385621 0.5503685503685504 0.4117647058823529 0.5601965601965602 0.4133986928104575 0.5872235872235873 0.4117647058823529 0.5945945945945946 0.4166666666666667 0.601965601965602 0.4150326797385621
0 0.4742014742014742 0.5375816993464052 0.4864864864864865 0.5424836601307189 0.4643734643734644 0.5522875816993464 0.44226044226044225 0.553921568627451 0.4226044226044226 0.5604575163398693 0.39803439803439805 0.5620915032679739 0.3857493857493858 0.565359477124183 0.371007371007371 0.565359477124183 0.35872235872235875 0.5604575163398693 0.36117936117936117 0.5555555555555556 0.3832923832923833 0.5473856209150327 0.4152334152334152 0.545751633986928 0.43243243243243246 0.5408496732026143 0.44226044226044225 0.5408496732026143 0.45454545454545453 0.5375816993464052 0.47174447174447176 0.5375816993464052
0 0.5528255528255528 0.2875816993464052 0.5552825552825553 0.28921568627450983 0.5577395577395577 0.2875816993464052 0.5626535626535627 0.28921568627450983 0.5651105651105651 0.2875816993464052 0.5921375921375921 0.2875816993464052 0.5945945945945946 0.28921568627450983 0.6068796068796068 0.2875816993464052 0.6093366093366094 0.28921568627450983 0.6191646191646192 0.28921568627450983 0.6240786240786241 0.29248366013071897 0.6191646191646192 0.29248366013071897 0.6044226044226044 0.3006535947712418 0.5921375921375921 0.3022875816993464 0.5700245700245701 0.3104575163398693 0.5626535626535627 0.30718954248366015 0.5454545454545454 0.30718954248366015 0.542997542997543 0.3055555555555556 0.538083538083538 0.30718954248366015 0.5503685503685504 0.29901960784313725 0.5577395577395577 0.2973856209150327 0.5577395577395577 0.29248366013071897 0.5503685503685504 0.28921568627450983
0 0.6437346437346437 0.4673202614379085 0.6486486486486487 0.47058823529411764 0.6609336609336609 0.4738562091503268 0.6658476658476659 0.477124183006536 0.6658476658476659 0.4820261437908497 0.6216216216216216 0.47875816993464054 0.6044226044226044 0.4738562091503268 0.5995085995085995 0.46895424836601307 0.6068796068796068 0.46568627450980393 0.6363636363636364 0.46405228758169936 0.6412776412776413 0.4673202614379085
0 0.5945945945945946 0.3758169934640523 0.601965601965602 0.3790849673202614 0.601965601965602 0.3872549019607843 0.6044226044226044 0.3888888888888889 0.5995085995085995 0.3937908496732026 0.601965601965602 0.39705882352941174 0.5995085995085995 0.39869281045751637 0.601965601965602 0.41013071895424835 0.5945945945945946 0.4133986928104575 0.5823095823095823 0.4117647058823529 0.5675675675675675 0.4215686274509804 0.5601965601965602 0.4215686274509804 0.5552825552825553 0.4166666666666667 0.5503685503685504 0.41830065359477125 0.5503685503685504 0.4150326797385621 0.5552825552825553 0.4150326797385621 0.5601965601965602 0.4117647058823529 0.5601965601965602 0.4068627450980392 0.5552825552825553 0.4035947712418301 0.547911547911548 0.40522875816993464 0.542997542997543 0.40032679738562094 0.5503685503685504 0.39215686274509803 0.5528255528255528 0.3839869281045752 0.5921375921375921 0.37745098039215685
0 0.5651105651105651 0.3839869281045752 0.5675675675675675 0.38562091503267976 0.5798525798525799 0.38562091503267976 0.5749385749385749 0.3937908496732026 0.5749385749385749 0.40032679738562094 0.5700245700245701 0.40032679738562094 0.5651105651105651 0.4035947712418301 0.547911547911548 0.4035947712418301 0.542997542997543 0.40032679738562094 0.5356265356265356 0.4035947712418301 0.5233415233415234 0.3954248366013072 0.5257985257985258 0.39052287581699346 0.5331695331695332 0.39052287581699346 0.5503685503685504 0.3839869281045752 0.5626535626535627 0.3839869281045752
0 0.5282555282555282 0.3202614379084967 0.538083538083538 0.31699346405228757 0.5503685503685504 0.31699346405228757 0.5503685503685504 0.3202614379084967 0.5454545454545454 0.32189542483660133 0.538083538083538 0.3235294117647059 0.5307125307125307 0.3235294117647059 0.5307125307125307 0.32189542483660133
0 0.5700245700245701 0.41013071895424835 0.5724815724815725 0.4117647058823529 0.5872235872235873 0.4117647058823529 0.5945945945945946 0.41830065359477125 0.5847665847665847 0.42483660130718953 0.5872235872235873 0.42810457516339867 0.5675675675675675 0.4297385620915033 0.5651105651105651 0.43137254901960786 0.5626535626535627 0.44281045751633985 0.542997542997543 0.43790849673202614 0.5184275184275184 0.43790849673202614 0.5135135135135135 0.434640522875817 0.5135135135135135 0.43137254901960786 0.5208845208845209 0.4264705882352941 0.5257985257985258 0.4264705882352941 0.5356265356265356 0.4215686274509804 0.5503685503685504 0.41013071895424835 0.5601965601965602 0.41013071895424835 0.5626535626535627 0.4084967320261438 0.5675675675675675 0.41013071895424835
0 0.5454545454545454 0.41013071895424835 0.5528255528255528 0.4166666666666667 0.5503685503685504 0.4199346405228758 0.5528255528255528 0.42483660130718953 0.5405405405405406 0.4215686274509804 0.5307125307125307 0.4264705882352941 0.5233415233415234 0.4264705882352941 0.515970515970516 0.4297385620915033 0.5135135135135135 0.434640522875817 0.5135135135135135 0.42810457516339867 0.5036855036855037 0.42320261437908496 0.5036855036855037 0.4199346405228758 0.5307125307125307 0.4133986928104575 0.5356265356265356 0.41013071895424835 0.542997542997543 0.41013071895424835
0 0.5921375921375921 0.42483660130718953 0.029484029484029485 0.013071895424836602
0 0.4692874692874693 0.4852941176470588 0.47174447174447176 0.4869281045751634 0.4864864864864865 0.4869281045751634 0.48894348894348894 0.4852941176470588 0.5036855036855037 0.4869281045751634 0.49385749385749383 0.49673202614379086 0.49385749385749383 0.5049019607843137 0.48157248157248156 0.5049019607843137 0.4619164619164619 0.5147058823529411 0.4692874692874693 0.5196078431372549 0.4742014742014742 0.5179738562091504 0.47665847665847666 0.5212418300653595 0.4619164619164619 0.5212418300653595 0.44963144963144963 0.5261437908496732 0.4619164619164619 0.5359477124183006 0.4643734643734644 0.5343137254901961 0.4742014742014742 0.5408496732026143 0.4692874692874693 0.5441176470588235 0.4594594594594595 0.5424836601307189 0.44226044226044225 0.553921568627451 0.4250614250614251 0.5555555555555556 0.4103194103194103 0.5604575163398693 0.39803439803439805 0.5604575163398693 0.3955773955773956 0.5588235294117647 0.3783783783783784 0.565359477124183 0.37346437346437344 0.565359477124183 0.36855036855036855 0.5686274509803921 0.35626535626535627 0.5669934640522876 0.35135135135135137 0.5637254901960784 0.35135135135135137 0.5555555555555556 0.35626535626535627 0.5490196078431373 0.35135135135135137 0.5441176470588235 0.3488943488943489 0.5359477124183006 0.3808353808353808 0.5261437908496732 0.3832923832923833 0.5196078431372549 0.3882063882063882 0.5196078431372549 0.3955773955773956 0.5147058823529411 0.3955773955773956 0.5081699346405228 0.40294840294840295 0.5 0.41277641277641275 0.49673202614379086 0.4348894348894349 0.4950980392156863 0.4594594594594595 0.4869281045751634 0.4668304668304668 0.4869281045751634
0 0.49385749385749383 0.4869281045751634 0.4963144963144963 0.4869281045751634 0.49385749385749383 0.49019607843137253 0.4864864864864865 0.4950980392156863 0.47665847665847666 0.5 0.45454545454545453 0.5065359477124183 0.41277641277641275 0.5065359477124183 0.40294840294840295 0.5032679738562091 0.4103194103194103 0.49836601307189543 0.4152334152334152 0.49673202614379086 0.42997542997543 0.49673202614379086 0.457002457002457 0.48856209150326796 0.4914004914004914 0.4869281045751634
0 0.43734643734643736 0.5179738562091504 0.4398034398034398 0.5212418300653595 0.43243243243243246 0.5277777777777778 0.4226044226044226 0.5294117647058824 0.40786240786240785 0.5375816993464052 0.39803439803439805 0.5375816993464052 0.3955773955773956 0.5424836601307189 0.3857493857493858 0.5408496732026143 0.37346437346437344 0.5490196078431373 0.36117936117936117 0.5490196078431373 0.3538083538083538 0.545751633986928 0.35135135135135137 0.5424836601307189 0.35135135135135137 0.5359477124183006 0.3538083538083538 0.5343137254901961 0.3808353808353808 0.5277777777777778 0.3955773955773956 0.5212418300653595 0.4152334152334152 0.5196078431372549 0.4176904176904177 0.5179738562091504 0.4348894348894349 0.5179738562091504
0 0.4643734643734644 0.4738562091503268 0.4742014742014742 0.47549019607843135 0.47174447174447176 0.47875816993464054 0.4692874692874693 0.477124183006536 0.4643734643734644 0.4803921568627451 0.4742014742014742 0.4820261437908497 0.48157248157248156 0.4918300653594771 0.49385749385749383 0.48366013071895425 0.49385749385749383 0.4803921568627451 0.5012285012285013 0.4852941176470588 0.5061425061425061 0.48366013071895425 0.5061425061425061 0.49019607843137253 0.5012285012285013 0.4934640522875817 0.49385749385749383 0.5049019607843137 0.4864864864864865 0.5049019607843137 0.48157248157248156 0.5081699346405228 0.47665847665847666 0.5081699346405228 0.4643734643734644 0.5130718954248366 0.4619164619164619 0.5147058823529411 0.4643734643734644 0.5212418300653595 0.45454545454545453 0.5245098039215687 0.4619164619164619 0.5326797385620915 0.4643734643734644 0.5310457516339869 0.4742014742014742 0.5359477124183006 0.47174447174447176 0.5408496732026143 0.4692874692874693 0.5424836601307189 0.45454545454545453 0.5408496732026143 0.4348894348894349 0.5441176470588235 0.4275184275184275 0.5473856209150327 0.3857493857493858 0.5473856209150327 0.3832923832923833 0.545751633986928 0.3882063882063882 0.5424836601307189 0.3857493857493858 0.5343137254901961 0.3931203931203931 0.5359477124183006 0.4103194103194103 0.5277777777777778 0.4103194103194103 0.5212418300653595 0.4176904176904177 0.5196078431372549 0.4226044226044226 0.5147058823529411 0.41277641277641275 0.5130718954248366 0.4152334152334152 0.5081699346405228 0.4226044226044226 0.511437908496732 0.42997542997543 0.511437908496732 0.43734643734643736 0.5065359477124183 0.4643734643734644 0.5032679738562091 0.47665847665847666 0.49836601307189543 0.47665847665847666 0.4934640522875817 0.4742014742014742 0.4918300653594771 0.4692874692874693 0.4934640522875817 0.4643734643734644 0.4918300653594771 0.4520884520884521 0.4803921568627451 0.45454545454545453 0.4738562091503268 0.457002457002457 0.4722222222222222 0.4619164619164619 0.4738562091503268
0 0.5675675675675675 0.2957516339869281 0.5724815724815725 0.29901960784313725 0.5773955773955773 0.29901960784313725 0.5773955773955773 0.3022875816993464 0.5823095823095823 0.3055555555555556 0.5700245700245701 0.3137254901960784 0.5700245700245701 0.31699346405228757 0.547911547911548 0.32189542483660133 0.542997542997543 0.32516339869281047 0.5307125307125307 0.3235294117647059 0.5307125307125307 0.3202614379084967 0.542997542997543 0.3137254901960784 0.538083538083538 0.3104575163398693 0.538083538083538 0.30718954248366015 0.5528255528255528 0.29901960784313725 0.5651105651105651 0.2957516339869281
0 0.4226044226044226 0.6094771241830066 0.4275184275184275 0.6127450980392157 0.4348894348894349 0.6127450980392157 0.4348894348894349 0.6176470588235294 0.4275184275184275 0.6258169934640523 0.4152334152334152 0.6274509803921569 0.40786240786240785 0.6323529411764706 0.39803439803439805 0.6339869281045751 0.3882063882063882 0.6405228758169934 0.35626535626535627 0.6470588235294118 0.33906633906633904 0.6535947712418301 0.33415233415233414 0.6519607843137255 0.3316953316953317 0.6535947712418301 0.3316953316953317 0.6584967320261438 0.3366093366093366 0.6650326797385621 0.343980343980344 0.6715686274509803 0.3488943488943489 0.6715686274509803 0.3488943488943489 0.6748366013071896 0.3538083538083538 0.6781045751633987 0.35135135135135137 0.6862745098039216 0.3415233415233415 0.6928104575163399 0.3415233415233415 0.696078431372549 0.33415233415233414 0.7026143790849673 0.33415233415233414 0.7075163398692811 0.32186732186732187 0.7026143790849673 0.3095823095823096 0.7026143790849673 0.3071253071253071 0.7058823529411765 0.2972972972972973 0.704248366013072 0.29238329238329236 0.7124183006535948 0.28255528255528256 0.7107843137254902 0.2727272727272727 0.7156862745098039 0.2678132678132678 0.7156862745098039 0.26535626535626533 0.7189542483660131 0.26044226044226043 0.7205882352941176 0.257985257985258 0.7189542483660131 0.24324324324324326 0.7254901960784313 0.23832923832923833 0.7254901960784313 0.22604422604422605 0.7352941176470589 0.21621621621621623 0.7352941176470589 0.21375921375921375 0.7320261437908496 0.21621621621621623 0.7238562091503268 0.22358722358722358 0.7303921568627451 0.2285012285012285 0.7271241830065359 0.22604422604422605 0.7205882352941176 0.24078624078624078 0.7124183006535948 0.25307125307125306 0.7140522875816994 0.26044226044226043 0.7058823529411765 0.257985257985258 0.704248366013072 0.25061425061425063 0.7058823529411765 0.2457002457002457 0.7009803921568627 0.24815724815724816 0.6977124183006536 0.25552825552825553 0.696078431372549 0.2457002457002457 0.6911764705882353 0.23587223587223588 0.6928104575163399 0.2285012285012285 0.684640522875817 0.22113022113022113 0.6813725490196079 0.21621621621621623 0.6813725490196079 0.21375921375921375 0.6748366013071896 0.24078624078624078 0.6617647058823529 0.25061425061425063 0.6601307189542484 0.25307125307125306 0.6617647058823529 0.257985257985258 0.6584967320261438 0.25552825552825553 0.6470588235294118 0.2628992628992629 0.6405228758169934 0.2751842751842752 0.6437908496732027 0.27764127764127766 0.6421568627450981 0.29238329238329236 0.6421568627450981 0.2972972972972973 0.6388888888888888 0.28501228501228504 0.6356209150326797 0.28255528255528256 0.6372549019607843 0.28255528255528256 0.6323529411764706 0.28746928746928746 0.6290849673202614 0.3071253071253071 0.6258169934640523 0.3144963144963145 0.6225490196078431 0.32678132678132676 0.6225490196078431 0.32923832923832924 0.6290849673202614 0.3194103194103194 0.6356209150326797 0.32432432432432434 0.6388888888888888 0.3316953316953317 0.6388888888888888 0.3415233415233415 0.6323529411764706 0.343980343980344 0.6339869281045751 0.35135135135135137 0.6323529411764706 0.3488943488943489 0.6258169934640523 0.3538083538083538 0.630718954248366 0.36117936117936117 0.630718954248366 0.371007371007371 0.6274509803921569 0.37346437346437344 0.6258169934640523 0.371007371007371 0.6241830065359477 0.35626535626535627 0.6225490196078431 0.35872235872235875 0.6209150326797386 0.3759213759213759 0.619281045751634 0.4004914004914005 0.6078431372549019 0.4176904176904177 0.6078431372549019 0.4201474201474201 0.6094771241830066
0 0.5798525798525799 0.28104575163398693 0.5823095823095823 0.2826797385620915 0.5945945945945946 0.2826797385620915 0.597051597051597 0.28104575163398693 0.6167076167076168 0.2826797385620915 0.6093366093366094 0.2908496732026144 0.5995085995085995 0.29248366013071897 0.5945945945945946 0.2957516339869281 0.5724815724815725 0.2973856209150327 0.5675675675675675 0.3006535947712418 0.5626535626535627 0.29901960784313725 0.5601965601965602 0.29411764705882354 0.5552825552825553 0.29248366013071897 0.547911547911548 0.29411764705882354 0.5454545454545454 0.28921568627450983 0.547911547911548 0.28594771241830064 0.5601965601965602 0.28431372549019607 0.5651105651105651 0.28104575163398693 0.5773955773955773 0.28104575163398693
0 0.6044226044226044 0.3366013071895425 0.6142506142506142 0.34477124183006536 0.6142506142506142 0.3562091503267974 0.6191646191646192 0.3627450980392157 0.6117936117936118 0.36437908496732024 0.6068796068796068 0.3758169934640523 0.5921375921375921 0.380718954248366 0.5823095823095823 0.3790849673202614 0.5724815724815725 0.37254901960784315 0.5552825552825553 0.3741830065359477 0.5528255528255528 0.37745098039215685 0.547911547911548 0.36764705882352944 0.5601965601965602 0.34477124183006536 0.5675675675675675 0.3464052287581699 0.5798525798525799 0.3431372549019608 0.5847665847665847 0.3382352941176471 0.601965601965602 0.3366013071895425
0 0.5724815724815725 0.24019607843137256 0.5823095823095823 0.2434640522875817 0.6068796068796068 0.2434640522875817 0.6117936117936118 0.25 0.6339066339066339 0.25326797385620914 0.6412776412776413 0.2581699346405229 0.6388206388206388 0.2630718954248366 0.6339066339066339 0.25980392156862747 0.6167076167076168 0.25980392156862747 0.6142506142506142 0.2581699346405229 0.5896805896805897 0.25980392156862747 0.5823095823095823 0.2581699346405229 0.5773955773955773 0.2565359477124183 0.5773955773955773 0.24673202614379086 0.5724815724815725 0.24183006535947713
0 0.6068796068796068 0.3888888888888889 0.6191646191646192 0.39215686274509803 0.6216216216216216 0.39705882352941174 0.6167076167076168 0.39869281045751637 0.5995085995085995 0.39869281045751637 0.5945945945945946 0.39705882352941174 0.6044226044226044 0.39052287581699346
0 0.4103194103194103 0.6372549019607843 0.41277641277641275 0.6388888888888888 0.4226044226044226 0.6323529411764706 0.42997542997543 0.6323529411764706 0.43734643734643736 0.6421568627450981 0.44717444717444715 0.6486928104575164 0.4668304668304668 0.6535947712418301 0.48157248157248156 0.6633986928104575 0.48157248157248156 0.6666666666666666 0.47174447174447176 0.6715686274509803 0.44471744471744473 0.6715686274509803 0.4348894348894349 0.6748366013071896 0.40294840294840295 0.6748366013071896 0.3931203931203931 0.6715686274509803 0.3464373464373464 0.6650326797385621 0.33906633906633904 0.6617647058823529 0.33906633906633904 0.6568627450980392 0.343980343980344 0.6535947712418301 0.3488943488943489 0.6535947712418301 0.36363636363636365 0.6470588235294118 0.371007371007371 0.6470588235294118 0.3857493857493858 0.6421568627450981 0.40786240786240785 0.6421568627450981 0.4103194103194103 0.6388888888888888
0 0.6117936117936118 0.3627450980392157 0.6142506142506142 0.36437908496732024 0.6240786240786241 0.36437908496732024 0.628992628992629 0.36764705882352944 0.6388206388206388 0.36764705882352944 0.6535626535626535 0.3709150326797386 0.6707616707616708 0.3709150326797386 0.6756756756756757 0.3758169934640523 0.683046683046683 0.3758169934640523 0.6904176904176904 0.38235294117647056 0.687960687960688 0.3839869281045752 0.6707616707616708 0.3839869281045752 0.6584766584766585 0.3790849673202614 0.6486486486486487 0.3790849673202614 0.6437346437346437 0.38235294117647056 0.6339066339066339 0.37745098039215685 0.6093366093366094 0.37745098039215685 0.6068796068796068 0.3709150326797386 0.6117936117936118 0.36437908496732024
0 0.6388206388206388 0.34477124183006536 0.6339066339066339 0.3480392156862745 0.628992628992629 0.34477124183006536 0.6240786240786241 0.34477124183006536 0.6191646191646192 0.3480392156862745 0.6167076167076168 0.3464052287581699 0.6093366093366094 0.35294117647058826 0.5945945945945946 0.35784313725490197 0.5872235872235873 0.3562091503267974 0.5798525798525799 0.35130718954248363 0.5773955773955773 0.35294117647058826 0.5675675675675675 0.35294117647058826 0.5552825552825553 0.35947712418300654 0.5528255528255528 0.35784313725490197 0.5528255528255528 0.3431372549019608 0.5552825552825553 0.3382352941176471 0.5823095823095823 0.3202614379084967 0.6117936117936118 0.32189542483660133 0.6216216216216216 0.33169934640522875 0.6191646191646192 0.3415032679738562 0.6216216216216216 0.3431372549019608 0.6363636363636364 0.3431372549019608
0 0.07616707616707617 0.8464052287581699 0.12285012285012285 0.8366013071895425 0.16216216216216217 0.8202614379084967 0.16953316953316952 0.8202614379084967 0.17444717444717445 0.8235294117647058 0.17444717444717445 0.8349673202614379 0.16953316953316952 0.8382352941176471 0.14496314496314497 0.8496732026143791 0.14004914004914004 0.8496732026143791 0.09582309582309582 0.8774509803921569 0.06633906633906633 0.8905228758169934 0.051597051597051594 0.8937908496732027 0.02457002457002457 0.9052287581699346 0.014742014742014743 0.9052287581699346 0 0.9084967320261438 0 0.8905228758169934 0.009828009828009828 0.8823529411764706 0.007371007371007371 0.8774509803921569 0.009828009828009828 0.8725490196078431 0.007371007371007371 0.869281045751634 0.002457002457002457 0.8660130718954249 0 0.8676470588235294 0.002457002457002457 0.8725490196078431 0 0.8758169934640523 0.002457002457002457 0.8627450980392157 0.022113022113022112 0.8611111111111112 0.02702702702702703 0.8578431372549019 0.036855036855036855 0.8594771241830066 0.04176904176904177 0.8562091503267973 0.04914004914004914 0.8562091503267973 0.051597051597051594 0.8529411764705882 0.06633906633906633 0.8480392156862745 0.0687960687960688 0.8496732026143791 0.07616707616707617 0.8480392156862745
0 0.4152334152334152 0.46405228758169936 0.42997542997543 0.4591503267973856 0.44717444717444715 0.4591503267973856 0.44963144963144963 0.45751633986928103 0.4594594594594595 0.4591503267973856 0.44471744471744473 0.4673202614379085 0.43734643734643736 0.4673202614379085 0.4275184275184275 0.47058823529411764 0.4152334152334152 0.46895424836601307 0.4152334152334152 0.46568627450980393
0 0.47665847665847666 0.42483660130718953 0.47911547911547914 0.43137254901960786 0.4668304668304668 0.434640522875817 0.4520884520884521 0.434640522875817 0.44963144963144963 0.4297385620915033 0.4668304668304668 0.42483660130718953 0.4742014742014742 0.42483660130718953
0 0.3366093366093366 0.6993464052287581 0.3366093366093366 0.7026143790849673 0.3415233415233415 0.7075163398692811 0.3366093366093366 0.7075163398692811 0.3316953316953317 0.7140522875816994 0.32678132678132676 0.7140522875816994 0.2972972972972973 0.7336601307189542 0.2972972972972973 0.7418300653594772 0.29975429975429974 0.7434640522875817 0.29484029484029484 0.7467320261437909 0.28992628992628994 0.7467320261437909 0.2800982800982801 0.7532679738562091 0.2678132678132678 0.7532679738562091 0.25552825552825553 0.7598039215686274 0.24815724815724816 0.7598039215686274 0.23832923832923833 0.7679738562091504 0.2334152334152334 0.7761437908496732 0.22604422604422605 0.7712418300653595 0.22113022113022113 0.7761437908496732 0.22113022113022113 0.7794117647058824 0.21621621621621623 0.7826797385620915 0.20884520884520885 0.7843137254901961 0.20638820638820637 0.7810457516339869 0.20147420147420148 0.7826797385620915 0.20147420147420148 0.7924836601307189 0.2113022113022113 0.7973856209150327 0.21621621621621623 0.795751633986928 0.21621621621621623 0.8071895424836601 0.2113022113022113 0.8120915032679739 0.2113022113022113 0.8169934640522876 0.21621621621621623 0.8202614379084967 0.20147420147420148 0.8235294117647058 0.19656019656019655 0.8218954248366013 0.1941031941031941 0.8235294117647058 0.19656019656019655 0.826797385620915 0.18181818181818182 0.8300653594771242 0.18181818181818182 0.8366013071895425 0.171990171990172 0.8382352941176471 0.16216216216216217 0.8464052287581699 0.15724815724815724 0.8464052287581699 0.14004914004914004 0.8578431372549019 0.13267813267813267 0.8594771241830066 0.13022113022113022 0.8660130718954249 0.1375921375921376 0.8741830065359477 0.1375921375921376 0.8774509803921569 0.13267813267813267 0.8790849673202614 0.13513513513513514 0.8839869281045751 0.13022113022113022 0.8823529411764706 0.12530712530712532 0.8856209150326797 0.12776412776412777 0.8905228758169934 0.12285012285012285 0.8872549019607843 0.11793611793611794 0.8905228758169934 0.10810810810810811 0.8905228758169934 0.10565110565110565 0.8921568627450981 0.10810810810810811 0.8970588235294118 0.09828009828009827 0.8986928104575164 0.09828009828009827 0.9052287581699346 0.09090909090909091 0.9101307189542484 0.09090909090909091 0.9183006535947712 0.08845208845208845 0.9133986928104575 0.08108108108108109 0.9101307189542484 0.08353808353808354 0.9068627450980392 0.08108108108108109 0.9052287581699346 0.07125307125307126 0.9068627450980392 0.0687960687960688 0.9035947712418301 0.07125307125307126 0.8970588235294118 0.06142506142506143 0.8937908496732027 0.05896805896805897 0.8970588235294118 0.05405405405405406 0.8970588235294118 0.04668304668304668 0.9003267973856209 0.04914004914004914 0.9084967320261438 0.051597051597051594 0.9101307189542484 0.056511056511056514 0.9084967320261438 0.056511056511056514 0.9166666666666666 0.05896805896805897 0.9183006535947712 0.056511056511056514 0.923202614379085 0.05405405405405406 0.9199346405228758 0.044226044226044224 0.9199346405228758 0.04176904176904177 0.9215686274509803 0.04176904176904177 0.9313725490196079 0.036855036855036855 0.934640522875817 0.0343980343980344 0.9411764705882353 0.029484029484029485 0.9428104575163399 0.022113022113022112 0.9395424836601307 0.0171990171990172 0.9428104575163399 0.014742014742014743 0.9411764705882353 0.009828009828009828 0.9428104575163399 0.004914004914004914 0.9395424836601307 0 0.9428104575163399 0 0.8986928104575164 0.002457002457002457 0.8970588235294118 0.002457002457002457 0.8856209150326797 0 0.8823529411764706 0.002457002457002457 0.8839869281045751 0.007371007371007371 0.8823529411764706 0.004914004914004914 0.8774509803921569 0 0.8758169934640523 0.002457002457002457 0.8643790849673203 0.012285012285012284 0.8627450980392157 0.02457002457002457 0.8545751633986928 0.0343980343980344 0.8513071895424836 0.051597051597051594 0.8496732026143791 0.0687960687960688 0.8415032679738562 0.08845208845208845 0.8398692810457516 0.10810810810810811 0.8316993464052288 0.11302211302211303 0.8316993464052288 0.12039312039312039 0.8349673202614379 0.13267813267813267 0.8284313725490197 0.13513513513513514 0.8218954248366013 0.14987714987714987 0.8218954248366013 0.15233415233415235 0.8186274509803921 0.15724815724815724 0.8186274509803921 0.1597051597051597 0.8120915032679739 0.15233415233415235 0.8104575163398693 0.14742014742014742 0.8006535947712419 0.13022113022113022 0.7924836601307189 0.13513513513513514 0.7892156862745098 0.14742014742014742 0.7892156862745098 0.16216216216216217 0.7810457516339869 0.171990171990172 0.7794117647058824 0.18181818181818182 0.7745098039215687 0.1891891891891892 0.7728758169934641 0.19901719901719903 0.7745098039215687 0.21375921375921375 0.7696078431372549 0.20638820638820637 0.7647058823529411 0.18181818181818182 0.7663398692810458 0.171990171990172 0.7598039215686274 0.14250614250614252 0.7516339869281046 0.14004914004914004 0.7467320261437909 0.15724815724815724 0.7450980392156863 0.1597051597051597 0.7401960784313726 0.171990171990172 0.7369281045751634 0.1769041769041769 0.7336601307189542 0.19656019656019655 0.7320261437908496 0.20884520884520885 0.7254901960784313 0.22358722358722358 0.7271241830065359 0.23832923832923833 0.7189542483660131 0.24815724815724816 0.7173202614379085 0.25307125307125306 0.7189542483660131 0.257985257985258 0.7156862745098039 0.2678132678132678 0.7173202614379085 0.2702702702702703 0.7124183006535948 0.2800982800982801 0.7075163398692811 0.28501228501228504 0.7075163398692811 0.29238329238329236 0.7107843137254902 0.3022113022113022 0.704248366013072 0.3316953316953317 0.7058823529411765 0.3366093366093366 0.7009803921568627
0 0.5257985257985258 0.3758169934640523 0.03931203931203931 0.013071895424836602
0 0.36855036855036855 0.6127450980392157 0.37346437346437344 0.6160130718954249 0.3783783783783784 0.6127450980392157 0.3857493857493858 0.6143790849673203 0.3955773955773956 0.6078431372549019 0.4004914004914005 0.6094771241830066 0.3955773955773956 0.6127450980392157 0.39803439803439805 0.6160130718954249 0.3882063882063882 0.6225490196078431 0.3882063882063882 0.6274509803921569 0.3759213759213759 0.630718954248366 0.36855036855036855 0.6274509803921569 0.36363636363636365 0.6388888888888888 0.35626535626535627 0.6388888888888888 0.3488943488943489 0.6437908496732027 0.32186732186732187 0.6503267973856209 0.31203931203931207 0.6568627450980392 0.3095823095823096 0.6666666666666666 0.31695331695331697 0.6715686274509803 0.3144963144963145 0.6781045751633987 0.3194103194103194 0.6813725490196079 0.32186732186732187 0.6764705882352942 0.33415233415233414 0.6781045751633987 0.3366093366093366 0.6813725490196079 0.33415233415233414 0.684640522875817 0.3194103194103194 0.684640522875817 0.31695331695331697 0.6830065359477124 0.3071253071253071 0.6862745098039216 0.3022113022113022 0.6813725490196079 0.2972972972972973 0.6862745098039216 0.28255528255528256 0.6895424836601307 0.2751842751842752 0.6895424836601307 0.2727272727272727 0.6862745098039216 0.2678132678132678 0.6862745098039216 0.26535626535626533 0.6911764705882353 0.2727272727272727 0.696078431372549 0.2702702702702703 0.6977124183006536 0.2727272727272727 0.7026143790849673 0.2702702702702703 0.7026143790849673 0.2678132678132678 0.6977124183006536 0.26535626535626533 0.6993464052287581 0.26535626535626533 0.7058823529411765 0.25061425061425063 0.7140522875816994 0.23832923832923833 0.7173202614379085 0.23587223587223588 0.7238562091503268 0.23095823095823095 0.7238562091503268 0.2334152334152334 0.7205882352941176 0.22604422604422605 0.7173202614379085 0.22113022113022113 0.7254901960784313 0.2113022113022113 0.7238562091503268 0.20393120393120392 0.7254901960784313 0.20147420147420148 0.7271241830065359 0.20393120393120392 0.7287581699346405 0.18181818181818182 0.7303921568627451 0.17444717444717445 0.7320261437908496 0.16953316953316952 0.7369281045751634 0.15724815724815724 0.738562091503268 0.14250614250614252 0.7483660130718954 0.14250614250614252 0.7516339869281046 0.15724815724815724 0.7549019607843137 0.1769041769041769 0.7532679738562091 0.17444717444717445 0.7565359477124183 0.16461916461916462 0.7581699346405228 0.16707616707616707 0.7630718954248366 0.171990171990172 0.7598039215686274 0.17444717444717445 0.761437908496732 0.16953316953316952 0.7679738562091504 0.171990171990172 0.7712418300653595 0.16953316953316952 0.7745098039215687 0.1547911547911548 0.7810457516339869 0.11793611793611794 0.7875816993464052 0.10565110565110565 0.7941176470588235 0.085995085995086 0.7973856209150327 0.0687960687960688 0.8055555555555556 0.06388206388206388 0.8055555555555556 0.05896805896805897 0.8022875816993464 0.04176904176904177 0.8137254901960784 0.036855036855036855 0.8137254901960784 0.03194103194103194 0.8088235294117647 0.029484029484029485 0.8104575163398693 0.029484029484029485 0.8251633986928104 0.02457002457002457 0.8284313725490197 0.022113022113022112 0.8398692810457516 0.009828009828009828 0.8398692810457516 0 0.8480392156862745 0 0.8202614379084967 0.019656019656019656 0.8088235294117647 0.022113022113022112 0.803921568627451 0.019656019656019656 0.795751633986928 0.012285012285012284 0.7908496732026143 0.0171990171990172 0.7843137254901961 0.0171990171990172 0.7696078431372549 0.014742014742014743 0.7679738562091504 0.012285012285012284 0.7728758169934641 0.004914004914004914 0.761437908496732 0.02702702702702703 0.7565359477124183 0.0343980343980344 0.75 0.044226044226044224 0.7549019607843137 0.056511056511056514 0.7450980392156863 0.06142506142506143 0.7483660130718954 0.06633906633906633 0.7467320261437909 0.06633906633906633 0.738562091503268 0.056511056511056514 0.7336601307189542 0.0687960687960688 0.7303921568627451 0.07616707616707617 0.7352941176470589 0.07862407862407862 0.7336601307189542 0.08108108108108109 0.7287581699346405 0.0687960687960688 0.7189542483660131 0.0687960687960688 0.7156862745098039 0.07616707616707617 0.7140522875816994 0.07616707616707617 0.7091503267973857 0.07125307125307126 0.7058823529411765 0.08108108108108109 0.7009803921568627 0.08845208845208845 0.7009803921568627 0.09336609336609336 0.6977124183006536 0.09336609336609336 0.6862745098039216 0.09582309582309582 0.684640522875817 0.10565110565110565 0.684640522875817 0.09828009828009827 0.6928104575163399 0.10073710073710074 0.6993464052287581 0.10565110565110565 0.6977124183006536 0.11547911547911548 0.6993464052287581 0.12285012285012285 0.6928104575163399 0.11793611793611794 0.6895424836601307 0.12039312039312039 0.6862745098039216 0.13022113022113022 0.684640522875817 0.14250614250614252 0.6862745098039216 0.14496314496314497 0.684640522875817 0.14496314496314497 0.6813725490196079 0.13513513513513514 0.6748366013071896 0.13513513513513514 0.6699346405228758 0.13022113022113022 0.6683006535947712 0.12776412776412777 0.6601307189542484 0.14496314496314497 0.6535947712418301 0.1547911547911548 0.6535947712418301 0.15724815724815724 0.6519607843137255 0.1597051597051597 0.6535947712418301 0.16461916461916462 0.6503267973856209 0.171990171990172 0.6503267973856209 0.1769041769041769 0.6470588235294118 0.19901719901719903 0.6454248366013072 0.21375921375921375 0.6405228758169934 0.23095823095823095 0.6405228758169934 0.2457002457002457 0.6356209150326797 0.26044226044226043 0.6356209150326797 0.2727272727272727 0.6421568627450981 0.28255528255528256 0.6437908496732027 0.29238329238329236 0.6421568627450981 0.29238329238329236 0.6454248366013072 0.29975429975429974 0.6486928104575164 0.3046683046683047 0.6437908496732027 0.3095823095823096 0.6421568627450981 0.31695331695331697 0.6437908496732027 0.32923832923832924 0.6372549019607843 0.3538083538083538 0.6356209150326797 0.36117936117936117 0.6290849673202614 0.35626535626535627 0.6274509803921569 0.3488943488943489 0.630718954248366 0.3464373464373464 0.6290849673202614 0.3488943488943489 0.6258169934640523 0.3415233415233415 0.6209150326797386 0.3464373464373464 0.6209150326797386 0.3488943488943489 0.6160130718954249 0.36609336609336607 0.6143790849673203
0 0.49385749385749383 0.4869281045751634 0.49385749385749383 0.4918300653594771 0.48157248157248156 0.49836601307189543 0.47174447174447176 0.49673202614379086 0.4692874692874693 0.5032679738562091 0.47174447174447176 0.5049019607843137 0.47911547911547914 0.5032679738562091 0.48402948402948404 0.5049019607843137 0.4864864864864865 0.5032679738562091 0.4963144963144963 0.5065359477124183 0.5135135135135135 0.5065359477124183 0.5233415233415234 0.5130718954248366 0.5331695331695332 0.511437908496732 0.5331695331695332 0.5147058823529411 0.5135135135135135 0.5228758169934641 0.48894348894348894 0.5245098039215687 0.48402948402948404 0.5277777777777778 0.4692874692874693 0.5245098039215687 0.4668304668304668 0.5261437908496732 0.4668304668304668 0.5326797385620915 0.4692874692874693 0.5343137254901961 0.47665847665847666 0.5326797385620915 0.47911547911547914 0.5359477124183006 0.4864864864864865 0.5343137254901961 0.4864864864864865 0.5375816993464052 0.4914004914004914 0.5424836601307189 0.4864864864864865 0.545751633986928 0.47665847665847666 0.5473856209150327 0.4643734643734644 0.5571895424836601 0.42997542997543 0.5669934640522876 0.4250614250614251 0.5702614379084967 0.4226044226044226 0.576797385620915 0.4176904176904177 0.5784313725490197 0.4103194103194103 0.5866013071895425 0.3931203931203931 0.5898692810457516 0.3882063882063882 0.5931372549019608 0.3832923832923833 0.5931372549019608 0.3759213759213759 0.5964052287581699 0.36609336609336607 0.5964052287581699 0.3538083538083538 0.5915032679738562 0.3538083538083538 0.5833333333333334 0.35872235872235875 0.5735294117647058 0.35135135135135137 0.565359477124183 0.35135135135135137 0.5571895424836601 0.36117936117936117 0.5506535947712419 0.3783783783783784 0.545751633986928 0.3832923832923833 0.5424836601307189 0.3783783783783784 0.5392156862745098 0.3783783783783784 0.5326797385620915 0.3808353808353808 0.5310457516339869 0.3857493857493858 0.5294117647058824 0.40294840294840295 0.5294117647058824 0.40786240786240785 0.5245098039215687 0.41277641277641275 0.5245098039215687 0.4176904176904177 0.5212418300653595 0.43243243243243246 0.5212418300653595 0.4398034398034398 0.5163398692810458 0.44226044226044225 0.511437908496732 0.43734643734643736 0.5081699346405228 0.44226044226044225 0.5049019607843137 0.43734643734643736 0.5 0.44226044226044225 0.5 0.44471744471744473 0.49673202614379086 0.4594594594594595 0.4918300653594771 0.48157248157248156 0.49019607843137253 0.4914004914004914 0.4869281045751634
0 0.3906633906633907 0.5049019607843137 0.3931203931203931 0.5098039215686274 0.3882063882063882 0.5130718954248366 0.36609336609336607 0.5196078431372549 0.33906633906633904 0.5228758169934641 0.33415233415233414 0.5261437908496732 0.32923832923832924 0.5261437908496732 0.32186732186732187 0.5294117647058824 0.29975429975429974 0.5228758169934641 0.3071253071253071 0.5179738562091504 0.31203931203931207 0.5179738562091504 0.3194103194103194 0.5147058823529411 0.32923832923832924 0.5147058823529411 0.3464373464373464 0.5098039215686274 0.36363636363636365 0.5081699346405228 0.371007371007371 0.5049019607843137 0.3882063882063882 0.5049019607843137
0 0.4864864864864865 0.5375816993464052 0.49385749385749383 0.5424836601307189 0.4692874692874693 0.553921568627451 0.4668304668304668 0.5571895424836601 0.457002457002457 0.5588235294117647 0.44963144963144963 0.5637254901960784 0.4348894348894349 0.5669934640522876 0.4250614250614251 0.5735294117647058 0.42997542997543 0.576797385620915 0.4176904176904177 0.5816993464052288 0.4176904176904177 0.5866013071895425 0.41277641277641275 0.5866013071895425 0.4103194103194103 0.5898692810457516 0.4004914004914005 0.5882352941176471 0.3955773955773956 0.5915032679738562 0.3832923832923833 0.5915032679738562 0.36855036855036855 0.5947712418300654 0.35872235872235875 0.5947712418300654 0.35626535626535627 0.5931372549019608 0.35626535626535627 0.5849673202614379 0.3783783783783784 0.5735294117647058 0.371007371007371 0.5669934640522876 0.3832923832923833 0.5571895424836601 0.3808353808353808 0.553921568627451 0.3882063882063882 0.5490196078431373 0.4103194103194103 0.5490196078431373 0.4152334152334152 0.545751633986928 0.44717444717444715 0.5441176470588235 0.44963144963144963 0.5424836601307189 0.4520884520884521 0.5441176470588235 0.4594594594594595 0.5392156862745098 0.48402948402948404 0.5375816993464052
0 0.6314496314496314 0.28921568627450983 0.6265356265356266 0.2957516339869281 0.628992628992629 0.30718954248366015 0.6191646191646192 0.3088235294117647 0.6167076167076168 0.31209150326797386 0.6117936117936118 0.3104575163398693 0.5945945945945946 0.3104575163398693 0.5921375921375921 0.3088235294117647 0.5724815724815725 0.3104575163398693 0.5700245700245701 0.3088235294117647 0.5724815724815725 0.2973856209150327 0.5749385749385749 0.2957516339869281 0.597051597051597 0.29411764705882354 0.6068796068796068 0.28921568627450983 0.628992628992629 0.28921568627450983
0 0.49385749385749383 0.4869281045751634 0.4963144963144963 0.4869281045751634 0.49385749385749383 0.4918300653594771 0.47911547911547914 0.5032679738562091 0.47665847665847666 0.5016339869281046 0.47174447174447176 0.5065359477124183 0.4668304668304668 0.5049019607843137 0.45454545454545453 0.511437908496732 0.44717444717444715 0.5212418300653595 0.44717444717444715 0.5245098039215687 0.4520884520884521 0.5277777777777778 0.457002457002457 0.5245098039215687 0.457002457002457 0.5294117647058824 0.4619164619164619 0.5343137254901961 0.4668304668304668 0.5326797385620915 0.4692874692874693 0.5359477124183006 0.47665847665847666 0.5392156862745098 0.48157248157248156 0.5392156862745098 0.48402948402948404 0.5424836601307189 0.47911547911547914 0.545751633986928 0.4742014742014742 0.545751633986928 0.4594594594594595 0.5555555555555556 0.44226044226044225 0.5571895424836601 0.42997542997543 0.5637254901960784 0.4250614250614251 0.5637254901960784 0.4176904176904177 0.5669934640522876 0.4103194103194103 0.565359477124183 0.40786240786240785 0.5669934640522876 0.4103194103194103 0.5718954248366013 0.40786240786240785 0.5849673202614379 0.3931203931203931 0.5931372549019608 0.3882063882063882 0.5980392156862745 0.3882063882063882 0.6013071895424836 0.3832923832923833 0.6029411764705882 0.3857493857493858 0.6078431372549019 0.4152334152334152 0.6062091503267973 0.4176904176904177 0.6127450980392157 0.40786240786240785 0.6127450980392157 0.3931203931203931 0.6258169934640523 0.3808353808353808 0.6274509803921569 0.37346437346437344 0.630718954248366 0.371007371007371 0.6323529411764706 0.37346437346437344 0.6356209150326797 0.371007371007371 0.6388888888888888 0.343980343980344 0.6405228758169934 0.3194103194103194 0.6535947712418301 0.3095823095823096 0.6552287581699346 0.3071253071253071 0.6584967320261438 0.29484029484029484 0.6568627450980392 0.29238329238329236 0.6601307189542484 0.28501228501228504 0.6584967320261438 0.2751842751842752 0.6617647058823529 0.2678132678132678 0.6568627450980392 0.257985257985258 0.6584967320261438 0.25061425061425063 0.6535947712418301 0.2457002457002457 0.6535947712418301 0.24324324324324326 0.6568627450980392 0.24324324324324326 0.6503267973856209 0.24815724815724816 0.6470588235294118 0.24815724815724816 0.6421568627450981 0.25552825552825553 0.6356209150326797 0.2678132678132678 0.6339869281045751 0.28992628992628994 0.6258169934640523 0.29975429975429974 0.6258169934640523 0.3071253071253071 0.6225490196078431 0.32678132678132676 0.6209150326797386 0.3464373464373464 0.6127450980392157 0.36609336609336607 0.6111111111111112 0.371007371007371 0.6078431372549019 0.36855036855036855 0.6029411764705882 0.35872235872235875 0.6013071895424836 0.3538083538083538 0.5915032679738562 0.3538083538083538 0.5735294117647058 0.3488943488943489 0.5669934640522876 0.35135135135135137 0.565359477124183 0.35135135135135137 0.5555555555555556 0.35872235872235875 0.5490196078431373 0.35626535626535627 0.5359477124183006 0.36117936117936117 0.5359477124183006 0.37346437346437344 0.5294117647058824 0.3906633906633907 0.5277777777777778 0.3955773955773956 0.5245098039215687 0.4004914004914005 0.5245098039215687 0.4103194103194103 0.5179738562091504 0.39803439803439805 0.5098039215686274 0.4004914004914005 0.5032679738562091 0.4103194103194103 0.5016339869281046 0.4201474201474201 0.49673202614379086 0.43243243243243246 0.49673202614379086 0.44717444717444715 0.4934640522875817 0.4594594594594595 0.48856209150326796 0.4914004914004914 0.4869281045751634
0 0.40294840294840295 0.6029411764705882 0.41277641277641275 0.6045751633986928 0.4226044226044226 0.6111111111111112 0.4250614250614251 0.619281045751634 0.4103194103194103 0.6290849673202614 0.4004914004914005 0.6274509803921569 0.3832923832923833 0.6388888888888888 0.35626535626535627 0.6437908496732027 0.35135135135135137 0.6470588235294118 0.3316953316953317 0.6503267973856209 0.32678132678132676 0.6535947712418301 0.32432432432432434 0.6584967320261438 0.33906633906633904 0.673202614379085 0.3488943488943489 0.6781045751633987 0.3488943488943489 0.6813725490196079 0.3366093366093366 0.6928104575163399 0.32678132678132676 0.696078431372549 0.3194103194103194 0.7026143790849673 0.31695331695331697 0.7026143790849673 0.3194103194103194 0.7009803921568627 0.31695331695331697 0.696078431372549 0.3144963144963145 0.6993464052287581 0.3095823095823096 0.6993464052287581 0.3046683046683047 0.7026143790849673 0.3095823095823096 0.7107843137254902 0.29975429975429974 0.7107843137254902 0.29484029484029484 0.7140522875816994 0.2800982800982801 0.7140522875816994 0.2727272727272727 0.7189542483660131 0.25552825552825553 0.7222222222222222 0.25061425061425063 0.7254901960784313 0.23832923832923833 0.7287581699346405 0.21621621621621623 0.7467320261437909 0.20884520884520885 0.7483660130718954 0.20147420147420148 0.7532679738562091 0.18673218673218672 0.7549019607843137 0.18181818181818182 0.7581699346405228 0.18181818181818182 0.761437908496732 0.18673218673218672 0.7647058823529411 0.19164619164619165 0.7647058823529411 0.1769041769041769 0.7663398692810458 0.17444717444717445 0.7712418300653595 0.1597051597051597 0.7794117647058824 0.14987714987714987 0.7794117647058824 0.13022113022113022 0.7859477124183006 0.11302211302211303 0.7875816993464052 0.10565110565110565 0.7924836601307189 0.09336609336609336 0.7924836601307189 0.08108108108108109 0.7973856209150327 0.05896805896805897 0.7990196078431373 0.056511056511056514 0.8006535947712419 0.04914004914004914 0.7990196078431373 0.044226044226044224 0.8006535947712419 0.044226044226044224 0.7924836601307189 0.04914004914004914 0.7924836601307189 0.05405405405405406 0.7892156862745098 0.05405405405405406 0.7843137254901961 0.06633906633906633 0.7777777777777778 0.06633906633906633 0.7728758169934641 0.07371007371007371 0.7728758169934641 0.07616707616707617 0.7761437908496732 0.08108108108108109 0.7728758169934641 0.09090909090909091 0.7647058823529411 0.09336609336609336 0.7581699346405228 0.10810810810810811 0.75 0.11056511056511056 0.7434640522875817 0.11793611793611794 0.7401960784313726 0.12285012285012285 0.7418300653594772 0.13267813267813267 0.7369281045751634 0.14250614250614252 0.738562091503268 0.14742014742014742 0.7271241830065359 0.14742014742014742 0.7303921568627451 0.14987714987714987 0.7320261437908496 0.15233415233415235 0.7271241830065359 0.15233415233415235 0.7303921568627451 0.15724815724815724 0.7336601307189542 0.16461916461916462 0.7140522875816994 0.171990171990172 0.7156862745098039 0.18181818181818182 0.7124183006535948 0.19164619164619165 0.7173202614379085 0.1941031941031941 0.7156862745098039 0.19901719901719903 0.7205882352941176 0.20147420147420148 0.7140522875816994 0.20884520884520885 0.7124183006535948 0.21867321867321868 0.7058823529411765 0.22113022113022113 0.7091503267973857 0.2285012285012285 0.7058823529411765 0.23095823095823095 0.7026143790849673 0.2285012285012285 0.6928104575163399 0.21867321867321868 0.6911764705882353 0.19656019656019655 0.6764705882352942 0.19164619164619165 0.6781045751633987 0.19164619164619165 0.6813725490196079 0.1891891891891892 0.6666666666666666 0.19164619164619165 0.6650326797385621 0.19164619164619165 0.6503267973856209 0.1941031941031941 0.6486928104575164 0.20147420147420148 0.6519607843137255 0.20884520884520885 0.6470588235294118 0.20884520884520885 0.6437908496732027 0.21867321867321868 0.6437908496732027 0.22113022113022113 0.6421568627450981 0.22604422604422605 0.6437908496732027 0.2334152334152334 0.6405228758169934 0.23832923832923833 0.6405228758169934 0.2457002457002457 0.6356209150326797 0.2751842751842752 0.630718954248366 0.28746928746928746 0.6258169934640523 0.31695331695331697 0.6209150326797386 0.3464373464373464 0.6127450980392157 0.3538083538083538 0.6127450980392157 0.35872235872235875 0.6094771241830066 0.36363636363636365 0.6094771241830066 0.36609336609336607 0.6062091503267973 0.371007371007371 0.6062091503267973 0.3759213759213759 0.6013071895424836 0.4004914004914005 0.6029411764705882
0 0.4226044226044226 0.7712418300653595 0.42997542997543 0.7728758169934641 0.4348894348894349 0.7679738562091504 0.44717444717444715 0.7679738562091504 0.4914004914004914 0.7777777777777778 0.5184275184275184 0.7875816993464052 0.5233415233415234 0.7875816993464052 0.538083538083538 0.7941176470588235 0.5552825552825553 0.7973856209150327 0.5798525798525799 0.8088235294117647 0.5945945945945946 0.8120915032679739 0.6167076167076168 0.8218954248366013 0.6388206388206388 0.8284313725490197 0.6461916461916462 0.8333333333333334 0.6633906633906634 0.8382352941176471 0.687960687960688 0.8513071895424836 0.6928746928746928 0.8513071895424836 0.7297297297297297 0.8741830065359477 0.7395577395577395 0.8839869281045751 0.7518427518427518 0.9035947712418301 0.7444717444717445 0.9183006535947712 0.7199017199017199 0.9264705882352942 0.7125307125307125 0.9248366013071896 0.7002457002457002 0.9264705882352942 0.6977886977886978 0.9248366013071896 0.6855036855036855 0.9248366013071896 0.6781326781326781 0.9199346405228758 0.6560196560196561 0.9199346405228758 0.628992628992629 0.9150326797385621 0.6142506142506142 0.9150326797385621 0.5847665847665847 0.9084967320261438 0.5798525798525799 0.9052287581699346 0.5626535626535627 0.9035947712418301 0.5552825552825553 0.9003267973856209 0.5405405405405406 0.8986928104575164 0.5233415233415234 0.8937908496732027 0.5036855036855037 0.8921568627450981 0.49385749385749383 0.8856209150326797 0.48402948402948404 0.8856209150326797 0.47911547911547914 0.8823529411764706 0.4643734643734644 0.8790849673202614 0.44963144963144963 0.8725490196078431 0.42997542997543 0.869281045751634 0.41277641277641275 0.8611111111111112 0.3955773955773956 0.8496732026143791 0.3931203931203931 0.8513071895424836 0.3783783783783784 0.8447712418300654 0.371007371007371 0.8382352941176471 0.3538083538083538 0.8333333333333334 0.3366093366093366 0.8218954248366013 0.3366093366093366 0.8104575163398693 0.33906633906633904 0.8088235294117647 0.3759213759213759 0.8088235294117647 0.3906633906633907 0.8022875816993464 0.3931203931203931 0.803921568627451 0.4004914004914005 0.8006535947712419 0.41277641277641275 0.8022875816993464 0.4201474201474201 0.795751633986928 0.4201474201474201 0.7859477124183006 0.4226044226044226 0.7843137254901961 0.4201474201474201 0.7728758169934641
0 0.43243243243243246 0.6323529411764706 0.43734643734643736 0.6356209150326797 0.44717444717444715 0.6372549019607843 0.4643734643734644 0.6470588235294118 0.47174447174447176 0.6486928104575164 0.47911547911547914 0.6552287581699346 0.48894348894348894 0.6568627450980392 0.4963144963144963 0.6617647058823529 0.5012285012285013 0.6601307189542484 0.542997542997543 0.6715686274509803 0.5552825552825553 0.6797385620915033 0.5749385749385749 0.684640522875817 0.628992628992629 0.7075163398692811 0.6388206388206388 0.7124183006535948 0.6486486486486487 0.7222222222222222 0.6461916461916462 0.7320261437908496 0.6265356265356266 0.7287581699346405 0.6068796068796068 0.7287581699346405 0.6044226044226044 0.7271241830065359 0.601965601965602 0.7287581699346405 0.5945945945945946 0.7271241830065359 0.5847665847665847 0.7287581699346405 0.5823095823095823 0.7271241830065359 0.5724815724815725 0.7271241830065359 0.5651105651105651 0.7238562091503268 0.5454545454545454 0.7222222222222222 0.5110565110565111 0.7124183006535948 0.5036855036855037 0.7124183006535948 0.48402948402948404 0.7026143790849673 0.44963144963144963 0.6928104575163399 0.44717444717444715 0.6862745098039216 0.44226044226044225 0.6830065359477124 0.43734643734643736 0.684640522875817 0.42997542997543 0.6781045751633987 0.4201474201474201 0.6781045751633987 0.4176904176904177 0.6797385620915033 0.41277641277641275 0.6764705882352942 0.4004914004914005 0.6764705882352942 0.3857493857493858 0.6715686274509803 0.3538083538083538 0.6683006535947712 0.33906633906633904 0.6601307189542484 0.33906633906633904 0.6568627450980392 0.35872235872235875 0.6486928104575164 0.3759213759213759 0.6470588235294118 0.3808353808353808 0.6437908496732027 0.3931203931203931 0.6405228758169934 0.40540540540540543 0.6405228758169934 0.4103194103194103 0.6356209150326797 0.42997542997543 0.6323529411764706
0 0.5036855036855037 0.44281045751633985 0.5085995085995086 0.4411764705882353 0.5503685503685504 0.44281045751633985 0.547911547911548 0.44607843137254904 0.538083538083538 0.4493464052287582 0.5307125307125307 0.4493464052287582 0.5233415233415234 0.4526143790849673 0.5135135135135135 0.4526143790849673 0.48894348894348894 0.4591503267973856 0.47174447174447176 0.46078431372549017 0.457002457002457 0.4673202614379085 0.44717444717444715 0.4624183006535948 0.45454545454545453 0.45588235294117646 0.4594594594594595 0.45588235294117646 0.4692874692874693 0.45098039215686275 0.48157248157248156 0.45098039215686275 0.4864864864864865 0.4477124183006536 0.5036855036855037 0.4444444444444444
0 0.6044226044226044 0.3431372549019608 0.6093366093366094 0.34477124183006536 0.6093366093366094 0.35130718954248363 0.6044226044226044 0.3545751633986928 0.6068796068796068 0.3611111111111111 0.597051597051597 0.3660130718954248 0.5872235872235873 0.36437908496732024 0.5847665847665847 0.369281045751634 0.547911547911548 0.369281045751634 0.5528255528255528 0.3660130718954248 0.5528255528255528 0.34967320261437906 0.5675675675675675 0.34967320261437906 0.5700245700245701 0.3464052287581699 0.5798525798525799 0.34967320261437906 0.5945945945945946 0.3431372549019608 0.601965601965602 0.3431372549019608
0 0.0343980343980344 0.795751633986928 0.03931203931203931 0.8022875816993464 0.04176904176904177 0.8006535947712419 0.04668304668304668 0.8022875816993464 0.056511056511056514 0.8006535947712419 0.06142506142506143 0.8022875816993464 0.07125307125307126 0.8022875816993464 0.07371007371007371 0.8006535947712419 0.08108108108108109 0.8022875816993464 0.08353808353808354 0.8006535947712419 0.09336609336609336 0.8088235294117647 0.10073710073710074 0.8104575163398693 0.09828009828009827 0.8120915032679739 0.10319410319410319 0.815359477124183 0.10565110565110565 0.826797385620915 0.09582309582309582 0.8333333333333334 0.07616707616707617 0.8382352941176471 0.05896805896805897 0.8398692810457516 0.051597051597051594 0.8447712418300654 0.036855036855036855 0.8480392156862745 0.0343980343980344 0.8513071895424836 0.02702702702702703 0.8513071895424836 0.007371007371007371 0.8594771241830066 0.002457002457002457 0.8594771241830066 0 0.8562091503267973 0 0.826797385620915 0.004914004914004914 0.8202614379084967 0.002457002457002457 0.8186274509803921 0.002457002457002457 0.8104575163398693 0.007371007371007371 0.8071895424836601 0.009828009828009828 0.8088235294117647 0.019656019656019656 0.8088235294117647 0.029484029484029485 0.8022875816993464 0.02702702702702703 0.7973856209150327 0.03194103194103194 0.795751633986928
0 0.6044226044226044 0.3431372549019608 0.6117936117936118 0.3480392156862745 0.6117936117936118 0.3545751633986928 0.6167076167076168 0.35947712418300654 0.6167076167076168 0.3627450980392157 0.6068796068796068 0.369281045751634 0.6068796068796068 0.3758169934640523 0.597051597051597 0.3790849673202614 0.5823095823095823 0.3790849673202614 0.5823095823095823 0.3758169934640523 0.5749385749385749 0.37254901960784315 0.5601965601965602 0.37254901960784315 0.5528255528255528 0.3758169934640523 0.547911547911548 0.369281045751634 0.5528255528255528 0.36437908496732024 0.5528255528255528 0.35784313725490197 0.5601965601965602 0.35130718954248363 0.5675675675675675 0.35130718954248363 0.5724815724815725 0.3480392156862745 0.601965601965602 0.3431372549019608
0 0.257985257985258 0.7344771241830066 0.14742014742014742 0.05718954248366013
0 0.5356265356265356 0.35130718954248363 0.538083538083538 0.3545751633986928 0.5282555282555282 0.35947712418300654 0.5184275184275184 0.35947712418300654 0.5135135135135135 0.3562091503267974 0.5257985257985258 0.35130718954248363 0.5331695331695332 0.35130718954248363
0 0.5651105651105651 0.3300653594771242 0.5675675675675675 0.3333333333333333 0.5773955773955773 0.3333333333333333 0.5872235872235873 0.3382352941176471 0.5872235872235873 0.3415032679738562 0.5749385749385749 0.3415032679738562 0.5651105651105651 0.34477124183006536 0.5577395577395577 0.34477124183006536 0.5552825552825553 0.33986928104575165 0.5503685503685504 0.3366013071895425 0.5454545454545454 0.3366013071895425 0.5454545454545454 0.33169934640522875 0.5626535626535627 0.3300653594771242
0 0.5577395577395577 0.45588235294117646 0.5773955773955773 0.4591503267973856 0.5847665847665847 0.4624183006535948 0.5823095823095823 0.4673202614379085 0.5724815724815725 0.4673202614379085 0.5577395577395577 0.47058823529411764 0.515970515970516 0.47058823529411764 0.5085995085995086 0.46895424836601307 0.5085995085995086 0.46568627450980393 0.5233415233415234 0.4591503267973856 0.5405405405405406 0.4591503267973856 0.5552825552825553 0.45588235294117646
0 0.40786240786240785 0.7696078431372549 0.4176904176904177 0.7761437908496732 0.4176904176904177 0.7924836601307189 0.4152334152334152 0.795751633986928 0.3955773955773956 0.8006535947712419 0.3759213759213759 0.8006535947712419 0.37346437346437344 0.8022875816993464 0.3415233415233415 0.8022875816993464 0.33906633906633904 0.7990196078431373 0.3415233415233415 0.7875816993464052 0.3538083538083538 0.7843137254901961 0.36609336609336607 0.7761437908496732 0.3783783783783784 0.7712418300653595 0.3832923832923833 0.7712418300653595 0.3906633906633907 0.7679738562091504 0.40294840294840295 0.7679738562091504 0.40540540540540543 0.7696078431372549
0 0.6265356265356266 0.42483660130718953 0.628992628992629 0.4264705882352941 0.6560196560196561 0.42810457516339867 0.6683046683046683 0.434640522875817 0.6658476658476659 0.43790849673202614 0.6486486486486487 0.43790849673202614 0.6461916461916462 0.4362745098039216 0.6314496314496314 0.4362745098039216 0.6216216216216216 0.43300653594771243 0.6142506142506142 0.43300653594771243 0.5995085995085995 0.42810457516339867 0.5995085995085995 0.4264705882352941 0.6093366093366094 0.42320261437908496 0.6240786240786241 0.42483660130718953
0 0.5257985257985258 0.2679738562091503 0.5257985257985258 0.2647058823529412 0.5356265356265356 0.26143790849673204 0.547911547911548 0.26143790849673204 0.547911547911548 0.2647058823529412 0.5405405405405406 0.2679738562091503 0.5282555282555282 0.2679738562091503
0 0.4668304668304668 0.48856209150326796 0.47174447174447176 0.49019607843137253 0.48157248157248156 0.4869281045751634 0.49385749385749383 0.4869281045751634 0.48402948402948404 0.4950980392156863 0.47174447174447176 0.5016339869281046 0.4643734643734644 0.5016339869281046 0.457002457002457 0.5049019607843137 0.4275184275184275 0.5098039215686274 0.4226044226044226 0.5065359477124183 0.4004914004914005 0.511437908496732 0.3832923832923833 0.5228758169934641 0.3955773955773956 0.5261437908496732 0.40540540540540543 0.5245098039215687 0.40540540540540543 0.5294117647058824 0.4004914004914005 0.5326797385620915 0.3955773955773956 0.5294117647058824 0.3882063882063882 0.5310457516339869 0.3783783783783784 0.5294117647058824 0.37346437346437344 0.5326797385620915 0.3759213759213759 0.5392156862745098 0.36609336609336607 0.5441176470588235 0.35872235872235875 0.5441176470588235 0.3538083538083538 0.5359477124183006 0.36117936117936117 0.5310457516339869 0.36855036855036855 0.5310457516339869 0.371007371007371 0.5261437908496732 0.3759213759213759 0.5277777777777778 0.3783783783783784 0.5261437908496732 0.3759213759213759 0.5228758169934641 0.36609336609336607 0.5212418300653595 0.36117936117936117 0.5245098039215687 0.35626535626535627 0.5228758169934641 0.33906633906633904 0.5245098039215687 0.3194103194103194 0.5294117647058824 0.3095823095823096 0.5245098039215687 0.3022113022113022 0.5245098039215687 0.29975429975429974 0.5212418300653595 0.3071253071253071 0.5179738562091504 0.31203931203931207 0.5179738562091504 0.31695331695331697 0.5147058823529411 0.32678132678132676 0.5147058823529411 0.3366093366093366 0.511437908496732 0.36363636363636365 0.5081699346405228 0.3808353808353808 0.5032679738562091 0.3931203931203931 0.5032679738562091 0.39803439803439805 0.5 0.4103194103194103 0.49673202614379086 0.4250614250614251 0.49673202614379086 0.457002457002457 0.48856209150326796 0.4643734643734644 0.48856209150326796
0 0.5601965601965602 0.3235294117647059 0.5651105651105651 0.3235294117647059 0.5651105651105651 0.32516339869281047 0.5626535626535627 0.32679738562091504 0.5626535626535627 0.3333333333333333 0.5552825552825553 0.3382352941176471 0.5552825552825553 0.3415032679738562 0.5651105651105651 0.35130718954248363 0.5577395577395577 0.35947712418300654 0.5454545454545454 0.36764705882352944 0.5356265356265356 0.36437908496732024 0.538083538083538 0.35947712418300654 0.538083538083538 0.35294117647058826 0.5356265356265356 0.35130718954248363 0.538083538083538 0.3480392156862745 0.5454545454545454 0.3431372549019608 0.5552825552825553 0.3415032679738562 0.5528255528255528 0.3382352941176471 0.5454545454545454 0.3382352941176471 0.542997542997543 0.3349673202614379 0.5552825552825553 0.3300653594771242 0.5601965601965602 0.32516339869281047
0 0.3488943488943489 0.5571895424836601 0.35135135135135137 0.5588235294117647 0.3488943488943489 0.5637254901960784 0.3144963144963145 0.5816993464052288 0.25061425061425063 0.5833333333333334 0.24815724815724816 0.5849673202614379 0.23587223587223588 0.5849673202614379 0.2334152334152334 0.5833333333333334 0.2334152334152334 0.5800653594771242 0.24078624078624078 0.576797385620915 0.26044226044226043 0.5735294117647058 0.28255528255528256 0.5669934640522876 0.29238329238329236 0.5669934640522876 0.31695331695331697 0.5604575163398693 0.3464373464373464 0.5571895424836601
0 0.25061425061425063 0.6568627450980392 0.24815724815724816 0.6552287581699346 0.24078624078624078 0.6601307189542484 0.23095823095823095 0.6617647058823529 0.22358722358722358 0.6666666666666666 0.21621621621621623 0.6666666666666666 0.20884520884520885 0.6715686274509803 0.20884520884520885 0.6830065359477124 0.22358722358722358 0.6911764705882353 0.22358722358722358 0.6993464052287581 0.21375921375921375 0.7140522875816994 0.20393120393120392 0.7173202614379085 0.1941031941031941 0.7173202614379085 0.17936117936117937 0.7254901960784313 0.16953316953316952 0.7254901960784313 0.16707616707616707 0.7287581699346405 0.15724815724815724 0.7287581699346405 0.1547911547911548 0.7303921568627451 0.14987714987714987 0.7287581699346405 0.14496314496314497 0.7320261437908496 0.1375921375921376 0.7303921568627451 0.13267813267813267 0.7336601307189542 0.13267813267813267 0.7401960784313726 0.12530712530712532 0.7450980392156863 0.10565110565110565 0.75 0.09090909090909091 0.761437908496732 0.08845208845208845 0.7679738562091504 0.08353808353808354 0.7696078431372549 0.07862407862407862 0.7663398692810458 0.07371007371007371 0.7663398692810458 0.06633906633906633 0.7728758169934641 0.05896805896805897 0.7728758169934641 0.05405405405405406 0.7761437908496732 0.05405405405405406 0.7826797385620915 0.051597051597051594 0.7826797385620915 0.051597051597051594 0.7728758169934641 0.04668304668304668 0.7696078431372549 0.04176904176904177 0.7712418300653595 0.044226044226044224 0.7761437908496732 0.03194103194103194 0.7696078431372549 0.029484029484029485 0.7712418300653595 0.029484029484029485 0.7810457516339869 0.03194103194103194 0.7826797385620915 0.022113022113022112 0.7892156862745098 0.0171990171990172 0.7843137254901961 0.0171990171990172 0.7728758169934641 0.022113022113022112 0.7598039215686274 0.014742014742014743 0.7581699346405228 0.009828009828009828 0.7647058823529411 0.007371007371007371 0.761437908496732 0.004914004914004914 0.7630718954248366 0.004914004914004914 0.7598039215686274 0.009828009828009828 0.7565359477124183 0.009828009828009828 0.7532679738562091 0.004914004914004914 0.7483660130718954 0.007371007371007371 0.7450980392156863 0.004914004914004914 0.7254901960784313 0.007371007371007371 0.7238562091503268 0.012285012285012284 0.7254901960784313 0.007371007371007371 0.7369281045751634 0.012285012285012284 0.7401960784313726 0.012285012285012284 0.7434640522875817 0.019656019656019656 0.7467320261437909 0.02457002457002457 0.7450980392156863 0.02457002457002457 0.7401960784313726 0.02702702702702703 0.7418300653594772 0.0343980343980344 0.7401960784313726 0.04176904176904177 0.7434640522875817 0.04914004914004914 0.738562091503268 0.04914004914004914 0.7352941176470589 0.056511056511056514 0.7287581699346405 0.06633906633906633 0.7238562091503268 0.06388206388206388 0.7140522875816994 0.05896805896805897 0.7107843137254902 0.04668304668304668 0.7091503267973857 0.04914004914004914 0.6993464052287581 0.05896805896805897 0.696078431372549 0.05896805896805897 0.6928104575163399 0.06388206388206388 0.6895424836601307 0.06388206388206388 0.6813725490196079 0.0687960687960688 0.6781045751633987 0.07371007371007371 0.6781045751633987 0.07616707616707617 0.6830065359477124 0.085995085995086 0.6764705882352942 0.09090909090909091 0.6699346405228758 0.09090909090909091 0.6650326797385621 0.09828009828009827 0.6601307189542484 0.10565110565110565 0.6601307189542484 0.11302211302211303 0.6568627450980392 0.13267813267813267 0.6568627450980392 0.14987714987714987 0.6503267973856209 0.16216216216216217 0.6503267973856209 0.1769041769041769 0.6454248366013072 0.1891891891891892 0.6454248366013072 0.20884520884520885 0.6405228758169934 0.23095823095823095 0.6388888888888888 0.24324324324324326 0.6356209150326797 0.25061425061425063 0.6356209150326797 0.25061425061425063 0.6454248366013072 0.24815724815724816 0.6470588235294118 0.25061425061425063 0.6552287581699346
0 0.5651105651105651 0.28104575163398693 0.5700245700245701 0.27941176470588236 0.5872235872235873 0.28104575163398693 0.6093366093366094 0.27450980392156865 0.6216216216216216 0.27450980392156865 0.628992628992629 0.28431372549019607 0.6388206388206388 0.28921568627450983 0.6314496314496314 0.29411764705882354 0.6068796068796068 0.29411764705882354 0.5945945945945946 0.29901960784313725 0.5749385749385749 0.29901960784313725 0.5577395577395577 0.2908496732026144 0.5503685503685504 0.2908496732026144 0.5503685503685504 0.28594771241830064 0.5577395577395577 0.28594771241830064 0.5651105651105651 0.2826797385620915
0 0.5282555282555282 0.5081699346405228 0.5405405405405406 0.5147058823529411 0.5184275184275184 0.5228758169934641 0.5085995085995086 0.5245098039215687 0.4692874692874693 0.5228758169934641 0.4668304668304668 0.5212418300653595 0.457002457002457 0.5212418300653595 0.45454545454545453 0.5179738562091504 0.4643734643734644 0.5130718954248366 0.4864864864864865 0.5081699346405228 0.5085995085995086 0.5081699346405228 0.5110565110565111 0.5065359477124183 0.5233415233415234 0.5065359477124183 0.5257985257985258 0.5081699346405228
0 0.6339066339066339 0.3480392156862745 0.6363636363636364 0.35130718954248363 0.6265356265356266 0.3545751633986928 0.6191646191646192 0.35294117647058826 0.6191646191646192 0.34967320261437906 0.6314496314496314 0.3480392156862745
0 0.44471744471744473 0.1323529411764706 0.44717444717444715 0.13398692810457516 0.4742014742014742 0.1323529411764706 0.4864864864864865 0.14705882352941177 0.4864864864864865 0.15359477124183007 0.5110565110565111 0.16993464052287582 0.5257985257985258 0.1715686274509804 0.5331695331695332 0.1781045751633987 0.542997542997543 0.17973856209150327 0.5405405405405406 0.1895424836601307 0.547911547911548 0.19607843137254902 0.5503685503685504 0.20261437908496732 0.5577395577395577 0.20588235294117646 0.5601965601965602 0.2107843137254902 0.5700245700245701 0.21895424836601307 0.5700245700245701 0.2222222222222222 0.601965601965602 0.24019607843137256 0.6093366093366094 0.24183006535947713 0.6216216216216216 0.25326797385620914 0.6339066339066339 0.2549019607843137 0.6560196560196561 0.2696078431372549 0.6658476658476659 0.2826797385620915 0.683046683046683 0.29248366013071897 0.683046683046683 0.31209150326797386 0.6953316953316954 0.3202614379084967 0.6904176904176904 0.33169934640522875 0.6928746928746928 0.3333333333333333 0.6855036855036855 0.34477124183006536 0.6855036855036855 0.3480392156862745 0.6928746928746928 0.35294117647058826 0.6928746928746928 0.3562091503267974 0.683046683046683 0.3660130718954248 0.687960687960688 0.3709150326797386 0.6904176904176904 0.3839869281045752 0.6732186732186732 0.3872549019607843 0.6707616707616708 0.3954248366013072 0.6756756756756757 0.40032679738562094 0.6756756756756757 0.4035947712418301 0.6633906633906634 0.4133986928104575 0.6633906633906634 0.41830065359477125 0.6560196560196561 0.4264705882352941 0.6584766584766585 0.43137254901960786 0.6511056511056511 0.434640522875817 0.6461916461916462 0.434640522875817 0.6412776412776413 0.43790849673202614 0.6388206388206388 0.4444444444444444 0.6265356265356266 0.4493464052287582 0.6314496314496314 0.4526143790849673 0.6265356265356266 0.45588235294117646 0.628992628992629 0.4591503267973856 0.6265356265356266 0.4624183006535948 0.6339066339066339 0.46405228758169936 0.6339066339066339 0.4673202614379085 0.6265356265356266 0.4673202614379085 0.6216216216216216 0.4722222222222222 0.6117936117936118 0.47549019607843135 0.6068796068796068 0.4738562091503268 0.601965601965602 0.477124183006536 0.601965601965602 0.48366013071895425 0.6093366093366094 0.4852941176470588 0.6093366093366094 0.4869281045751634 0.6044226044226044 0.49019607843137253 0.6044226044226044 0.4934640522875817 0.597051597051597 0.5016339869281046 0.5945945945945946 0.5032679738562091 0.5872235872235873 0.5016339869281046 0.5798525798525799 0.5032679738562091 0.5823095823095823 0.49673202614379086 0.5700245700245701 0.4918300653594771 0.5626535626535627 0.49673202614379086 0.5724815724815725 0.5081699346405228 0.5773955773955773 0.5065359477124183 0.5921375921375921 0.5065359477124183 0.5921375921375921 0.5081699346405228 0.5847665847665847 0.5098039215686274 0.5872235872235873 0.5147058823529411 0.5823095823095823 0.5212418300653595 0.5798525798525799 0.5228758169934641 0.5773955773955773 0.5212418300653595 0.5724815724815725 0.5245098039215687 0.5675675675675675 0.5228758169934641 0.5651105651105651 0.5245098039215687 0.5651105651105651 0.5326797385620915 0.5601965601965602 0.5294117647058824 0.5454545454545454 0.5310457516339869 0.542997542997543 0.5326797385620915 0.5454545454545454 0.5359477124183006 0.5356265356265356 0.5359477124183006 0.5307125307125307 0.5392156862745098 0.5331695331695332 0.5424836601307189 0.5282555282555282 0.545751633986928 0.5307125307125307 0.5506535947712419 0.5257985257985258 0.5555555555555556 0.5331695331695332 0.5588235294117647 0.5454545454545454 0.5571895424836601 0.542997542997543 0.5588235294117647 0.5454545454545454 0.5620915032679739 0.542997542997543 0.5686274509803921 0.5503685503685504 0.5702614379084967 0.5552825552825553 0.5669934640522876 0.5552825552825553 0.5702614379084967 0.5405405405405406 0.5702614379084967 0.5307125307125307 0.5784313725490197 0.515970515970516 0.5816993464052288 0.5110565110565111 0.5849673202614379 0.5184275184275184 0.5882352941176471 0.5184275184275184 0.5915032679738562 0.5135135135135135 0.5947712418300654 0.515970515970516 0.5980392156862745 0.5135135135135135 0.5996732026143791 0.5061425061425061 0.5980392156862745 0.5012285012285013 0.6029411764705882 0.4963144963144963 0.6045751633986928 0.49385749385749383 0.6029411764705882 0.4864864864864865 0.6078431372549019 0.48894348894348894 0.6111111111111112 0.4864864864864865 0.6143790849673203 0.4864864864864865 0.6078431372549019 0.48402948402948404 0.6062091503267973 0.4742014742014742 0.6078431372549019 0.4742014742014742 0.6160130718954249 0.4692874692874693 0.6160130718954249 0.4643734643734644 0.6127450980392157 0.4594594594594595 0.6143790849673203 0.4594594594594595 0.6225490196078431 0.4619164619164619 0.6241830065359477 0.4594594594594595 0.6290849673202614 0.4643734643734644 0.6323529411764706 0.47665847665847666 0.6258169934640523 0.4742014742014742 0.630718954248366 0.47911547911547914 0.6323529411764706 0.4692874692874693 0.6339869281045751 0.4668304668304668 0.6372549019607843 0.47174447174447176 0.6388888888888888 0.4742014742014742 0.6535947712418301 0.4864864864864865 0.6584967320261438 0.4864864864864865 0.6617647058823529 0.4914004914004914 0.6650326797385621 0.4963144963144963 0.6666666666666666 0.5012285012285013 0.6650326797385621 0.5036855036855037 0.6683006535947712 0.5110565110565111 0.6666666666666666 0.5184275184275184 0.6715686274509803 0.5282555282555282 0.6699346405228758 0.5282555282555282 0.673202614379085 0.5331695331695332 0.6764705882352942 0.538083538083538 0.6764705882352942 0.547911547911548 0.684640522875817 0.5528255528255528 0.6813725490196079 0.5601965601965602 0.6879084967320261 0.5724815724815725 0.6928104575163399 0.5823095823095823 0.6928104575163399 0.5872235872235873 0.6993464052287581 0.5945945945945946 0.696078431372549 0.6167076167076168 0.7124183006535948 0.6216216216216216 0.7091503267973857 0.6240786240786241 0.7156862745098039 0.6216216216216216 0.7173202614379085 0.6191646191646192 0.7156862745098039 0.6044226044226044 0.7156862745098039 0.5945945945945946 0.7222222222222222 0.5896805896805897 0.7189542483660131 0.5872235872235873 0.7238562091503268 0.5798525798525799 0.7238562091503268 0.5749385749385749 0.7222222222222222 0.5749385749385749 0.7189542483660131 0.5675675675675675 0.7140522875816994 0.5675675675675675 0.7091503267973857 0.5724815724815725 0.7058823529411765 0.5651105651105651 0.704248366013072 0.5528255528255528 0.7173202614379085 0.5503685503685504 0.7140522875816994 0.5454545454545454 0.7189542483660131 0.5356265356265356 0.7156862745098039 0.5282555282555282 0.7173202614379085 0.5085995085995086 0.7091503267973857 0.4987714987714988 0.7091503267973857 0.49385749385749383 0.7026143790849673 0.4864864864864865 0.7026143790849673 0.48157248157248156 0.6895424836601307 0.47665847665847666 0.6879084967320261 0.47174447174447176 0.6911764705882353 0.47174447174447176 0.696078431372549 0.4619164619164619 0.6944444444444444 0.44717444717444715 0.696078431372549 0.44717444717444715 0.6911764705882353 0.4348894348894349 0.6830065359477124 0.43243243243243246 0.6879084967320261 0.4250614250614251 0.6911764705882353 0.4275184275184275 0.696078431372549 0.40786240786240785 0.6977124183006536 0.40540540540540543 0.7026143790849673 0.39803439803439805 0.7058823529411765 0.40294840294840295 0.7107843137254902 0.40294840294840295 0.7140522875816994 0.4004914004914005 0.7107843137254902 0.39803439803439805 0.7156862745098039 0.3882063882063882 0.7156862745098039 0.3808353808353808 0.7189542483660131 0.3882063882063882 0.7254901960784313 0.3882063882063882 0.7320261437908496 0.3832923832923833 0.7336601307189542 0.3857493857493858 0.7352941176470589 0.3832923832923833 0.7483660130718954 0.4004914004914005 0.7630718954248366 0.40540540540540543 0.7630718954248366 0.4103194103194103 0.7663398692810458 0.4201474201474201 0.7647058823529411 0.4250614250614251 0.7679738562091504 0.42997542997543 0.7663398692810458 0.43734643734643736 0.7745098039215687 0.44471744471744473 0.7728758169934641 0.44717444717444715 0.7745098039215687 0.4742014742014742 0.7761437908496732 0.48157248157248156 0.7826797385620915 0.4864864864864865 0.7810457516339869 0.4963144963144963 0.7826797385620915 0.5012285012285013 0.7859477124183006 0.5061425061425061 0.7859477124183006 0.5110565110565111 0.7908496732026143 0.515970515970516 0.7892156862745098 0.5282555282555282 0.7941176470588235 0.5307125307125307 0.7973856209150327 0.5577395577395577 0.803921568627451 0.5626535626535627 0.8088235294117647 0.5675675675675675 0.8104575163398693 0.5700245700245701 0.8088235294117647 0.5798525798525799 0.815359477124183 0.5872235872235873 0.8137254901960784 0.5945945945945946 0.8186274509803921 0.601965601965602 0.8202614379084967 0.5995085995085995 0.8218954248366013 0.601965601965602 0.8251633986928104 0.6117936117936118 0.8235294117647058 0.6216216216216216 0.8300653594771242 0.628992628992629 0.8300653594771242 0.6388206388206388 0.8333333333333334 0.6437346437346437 0.8382352941176471 0.6486486486486487 0.8398692810457516 0.6535626535626535 0.8382352941176471 0.6707616707616708 0.8496732026143791 0.6805896805896806 0.8513071895424836 0.687960687960688 0.8578431372549019 0.6977886977886978 0.8594771241830066 0.7027027027027027 0.8643790849673203 0.7223587223587223 0.8741830065359477 0.7248157248157249 0.8823529411764706 0.7297297297297297 0.8839869281045751 0.7297297297297297 0.8888888888888888 0.7371007371007371 0.8937908496732027 0.7297297297297297 0.8986928104575164 0.7248157248157249 0.9084967320261438 0.7199017199017199 0.9101307189542484 0.7002457002457002 0.9084967320261438 0.6928746928746928 0.9101307189542484 0.6855036855036855 0.9150326797385621 0.6805896805896806 0.9117647058823529 0.6633906633906634 0.9150326797385621 0.6609336609336609 0.9084967320261438 0.6486486486486487 0.9052287581699346 0.6412776412776413 0.9101307189542484 0.6388206388206388 0.9068627450980392 0.6437346437346437 0.8986928104575164 0.6363636363636364 0.8954248366013072 0.6339066339066339 0.8856209150326797 0.6388206388206388 0.8790849673202614 0.6461916461916462 0.8790849673202614 0.6486486486486487 0.880718954248366 0.6461916461916462 0.8839869281045751 0.6511056511056511 0.8856209150326797 0.6560196560196561 0.8823529411764706 0.6535626535626535 0.8790849673202614 0.6584766584766585 0.8725490196078431 0.6535626535626535 0.869281045751634 0.6437346437346437 0.8709150326797386 0.6412776412776413 0.8660130718954249 0.6461916461916462 0.8611111111111112 0.6388206388206388 0.8545751633986928 0.628992628992629 0.8545751633986928 0.6216216216216216 0.8496732026143791 0.6216216216216216 0.8447712418300654 0.6117936117936118 0.8398692810457516 0.6093366093366094 0.8415032679738562 0.5995085995085995 0.8349673202614379 0.5945945945945946 0.8218954248366013 0.5872235872235873 0.8235294117647058 0.5847665847665847 0.8218954248366013 0.5724815724815725 0.8218954248366013 0.5651105651105651 0.8251633986928104 0.5601965601965602 0.8235294117647058 0.5552825552825553 0.8284313725490197 0.547911547911548 0.826797385620915 0.5454545454545454 0.8284313725490197 0.5503685503685504 0.8186274509803921 0.5405405405405406 0.8137254901960784 0.5356265356265356 0.815359477124183 0.5307125307125307 0.8088235294117647 0.5208845208845209 0.8088235294117647 0.515970515970516 0.815359477124183 0.515970515970516 0.8251633986928104 0.5184275184275184 0.8284313725490197 0.5135135135135135 0.8398692810457516 0.5135135135135135 0.8284313725490197 0.5110565110565111 0.826797385620915 0.5135135135135135 0.8202614379084967 0.4963144963144963 0.8055555555555556 0.49385749385749383 0.8088235294117647 0.48894348894348894 0.8071895424836601 0.48402948402948404 0.8137254901960784 0.47911547911547914 0.815359477124183 0.4742014742014742 0.8218954248366013 0.47174447174447176 0.8349673202614379 0.47665847665847666 0.8382352941176471 0.4864864864864865 0.8382352941176471 0.4864864864864865 0.8415032679738562 0.4914004914004914 0.8447712418300654 0.48894348894348894 0.8513071895424836 0.49385749385749383 0.8562091503267973 0.5085995085995086 0.8545751633986928 0.5135135135135135 0.8513071895424836 0.5184275184275184 0.8545751633986928 0.5208845208845209 0.8513071895424836 0.5307125307125307 0.8496732026143791 0.5307125307125307 0.8447712418300654 0.5356265356265356 0.8447712418300654 0.5331695331695332 0.8464052287581699 0.5356265356265356 0.8496732026143791 0.542997542997543 0.8496732026143791 0.547911547911548 0.8447712418300654 0.5552825552825553 0.8431372549019608 0.5577395577395577 0.8447712418300654 0.5552825552825553 0.8480392156862745 0.5577395577395577 0.8562091503267973 0.5651105651105651 0.8611111111111112 0.5749385749385749 0.8562091503267973 0.5798525798525799 0.8611111111111112 0.5773955773955773 0.8643790849673203 0.5700245700245701 0.8660130718954249 0.5700245700245701 0.8921568627450981 0.5749385749385749 0.8986928104575164 0.5773955773955773 0.9003267973856209 0.5872235872235873 0.8970588235294118 0.5896805896805897 0.8986928104575164 0.6093366093366094 0.9003267973856209 0.6167076167076168 0.8921568627450981 0.6191646191646192 0.8986928104575164 0.6117936117936118 0.9068627450980392 0.6191646191646192 0.9133986928104575 0.6167076167076168 0.9133986928104575 0.6044226044226044 0.9019607843137255 0.597051597051597 0.9068627450980392 0.5945945945945946 0.9035947712418301 0.5798525798525799 0.9035947712418301 0.5773955773955773 0.9003267973856209 0.5675675675675675 0.8986928104575164 0.5626535626535627 0.9019607843137255 0.5503685503685504 0.8970588235294118 0.5405405405405406 0.8970588235294118 0.5257985257985258 0.8937908496732027 0.5208845208845209 0.8905228758169934 0.5110565110565111 0.8888888888888888 0.5036855036855037 0.8905228758169934 0.4987714987714988 0.8856209150326797 0.48157248157248156 0.8839869281045751 0.47665847665847666 0.880718954248366 0.4594594594594595 0.8758169934640523 0.4520884520884521 0.869281045751634 0.44471744471744473 0.8676470588235294 0.4348894348894349 0.869281045751634 0.4226044226044226 0.8627450980392157 0.4176904176904177 0.8627450980392157 0.39803439803439805 0.8480392156862745 0.3931203931203931 0.8480392156862745 0.3906633906633907 0.8431372549019608 0.3857493857493858 0.8415032679738562 0.3808353808353808 0.8431372549019608 0.36855036855036855 0.8349673202614379 0.36363636363636365 0.8349673202614379 0.35626535626535627 0.8300653594771242 0.35135135135135137 0.8300653594771242 0.343980343980344 0.8251633986928104 0.3415233415233415 0.8202614379084967 0.33415233415233414 0.8202614379084967 0.33906633906633904 0.8202614379084967 0.343980343980344 0.8169934640522876 0.3366093366093366 0.8137254901960784 0.3316953316953317 0.8137254901960784 0.32678132678132676 0.8071895424836601 0.31695331695331697 0.8055555555555556 0.3022113022113022 0.8071895424836601 0.29484029484029484 0.8137254901960784 0.28746928746928746 0.8137254901960784 0.28746928746928746 0.8104575163398693 0.2800982800982801 0.8088235294117647 0.27764127764127766 0.8104575163398693 0.28255528255528256 0.8120915032679739 0.2800982800982801 0.8137254901960784 0.27764127764127766 0.8088235294117647 0.2702702702702703 0.8055555555555556 0.2678132678132678 0.8071895424836601 0.257985257985258 0.8055555555555556 0.25307125307125306 0.8071895424836601 0.25552825552825553 0.803921568627451 0.25061425061425063 0.8006535947712419 0.24078624078624078 0.7990196078431373 0.24078624078624078 0.795751633986928 0.23587223587223588 0.7924836601307189 0.22358722358722358 0.795751633986928 0.22604422604422605 0.7973856209150327 0.22604422604422605 0.8071895424836601 0.21621621621621623 0.8169934640522876 0.22113022113022113 0.8202614379084967 0.22113022113022113 0.826797385620915 0.21375921375921375 0.826797385620915 0.21867321867321868 0.8235294117647058 0.20884520884520885 0.8218954248366013 0.19656019656019655 0.8300653594771242 0.19901719901719903 0.8333333333333334 0.19656019656019655 0.8382352941176471 0.18673218673218672 0.8398692810457516 0.18427518427518427 0.8431372549019608 0.18673218673218672 0.8496732026143791 0.18427518427518427 0.8513071895424836 0.16953316953316952 0.8496732026143791 0.16461916461916462 0.8545751633986928 0.1597051597051597 0.8545751633986928 0.15233415233415235 0.8594771241830066 0.1547911547911548 0.8627450980392157 0.14987714987714987 0.869281045751634 0.14250614250614252 0.8725490196078431 0.1375921375921376 0.869281045751634 0.13022113022113022 0.8709150326797386 0.12776412776412777 0.8725490196078431 0.13267813267813267 0.8758169934640523 0.12530712530712532 0.8790849673202614 0.12776412776412777 0.8823529411764706 0.11793611793611794 0.8839869281045751 0.11302211302211303 0.8872549019607843 0.11547911547911548 0.8888888888888888 0.11302211302211303 0.8905228758169934 0.10565110565110565 0.8905228758169934 0.09828009828009827 0.8937908496732027 0.09582309582309582 0.9052287581699346 0.085995085995086 0.9035947712418301 0.08845208845208845 0.9003267973856209 0.085995085995086 0.8954248366013072 0.08845208845208845 0.8937908496732027 0.08108108108108109 0.8921568627450981 0.07862407862407862 0.8937908496732027 0.08108108108108109 0.8970588235294118 0.07616707616707617 0.8986928104575164 0.06142506142506143 0.8970588235294118 0.05405405405405406 0.9035947712418301 0.04914004914004914 0.9019607843137255 0.044226044226044224 0.9052287581699346 0.03931203931203931 0.9052287581699346 0.029484029484029485 0.9117647058823529 0.014742014742014743 0.9150326797385621 0.009828009828009828 0.9117647058823529 0.004914004914004914 0.9117647058823529 0 0.9183006535947712 0 0.880718954248366 0.002457002457002457 0.8790849673202614 0 0.8758169934640523 0 0.8627450980392157 0.004914004914004914 0.8594771241830066 0.014742014742014743 0.8578431372549019 0.02457002457002457 0.8513071895424836 0.03931203931203931 0.8496732026143791 0.04176904176904177 0.8447712418300654 0.04668304668304668 0.8464052287581699 0.04914004914004914 0.8431372549019608 0.056511056511056514 0.8431372549019608 0.06388206388206388 0.8366013071895425 0.06633906633906633 0.8382352941176471 0.0687960687960688 0.8366013071895425 0.085995085995086 0.8366013071895425 0.08845208845208845 0.8349673202614379 0.085995085995086 0.826797385620915 0.09090909090909091 0.8251633986928104 0.09582309582309582 0.8284313725490197 0.10319410319410319 0.8235294117647058 0.08845208845208845 0.8202614379084967 0.10319410319410319 0.8169934640522876 0.09336609336609336 0.815359477124183 0.09336609336609336 0.8104575163398693 0.08845208845208845 0.8071895424836601 0.08353808353808354 0.8088235294117647 0.08108108108108109 0.8137254901960784 0.07371007371007371 0.815359477124183 0.06633906633906633 0.8137254901960784 0.06388206388206388 0.8022875816993464 0.0687960687960688 0.7973856209150327 0.06388206388206388 0.7924836601307189 0.056511056511056514 0.795751633986928 0.056511056511056514 0.8137254901960784 0.051597051597051594 0.8218954248366013 0.051597051597051594 0.815359477124183 0.04668304668304668 0.8137254901960784 0.04668304668304668 0.8104575163398693 0.044226044226044224 0.8088235294117647 0.03931203931203931 0.8104575163398693 0.03931203931203931 0.803921568627451 0.04914004914004914 0.795751633986928 0.051597051597051594 0.7843137254901961 0.05405405405405406 0.7826797385620915 0.06142506142506143 0.7843137254901961 0.07371007371007371 0.7761437908496732 0.07862407862407862 0.7761437908496732 0.08845208845208845 0.7843137254901961 0.09336609336609336 0.7810457516339869 0.09336609336609336 0.7630718954248366 0.09090909090909091 0.761437908496732 0.085995085995086 0.7647058823529411 0.08353808353808354 0.761437908496732 0.085995085995086 0.7581699346405228 0.09090909090909091 0.7598039215686274 0.09336609336609336 0.7581699346405228 0.09336609336609336 0.7532679738562091 0.10810810810810811 0.738562091503268 0.11547911547911548 0.7369281045751634 0.11793611793611794 0.7401960784313726 0.12530712530712532 0.7336601307189542 0.13267813267813267 0.7336601307189542 0.1375921375921376 0.738562091503268 0.14250614250614252 0.738562091503268 0.14496314496314497 0.7336601307189542 0.15233415233415235 0.7303921568627451 0.15233415233415235 0.7271241830065359 0.15724815724815724 0.7222222222222222 0.16216216216216217 0.7205882352941176 0.16461916461916462 0.7124183006535948 0.16707616707616707 0.7140522875816994 0.18673218673218672 0.7156862745098039 0.19656019656019655 0.7026143790849673 0.20147420147420148 0.7058823529411765 0.20638820638820637 0.7058823529411765 0.2113022113022113 0.7026143790849673 0.21621621621621623 0.704248366013072 0.21867321867321868 0.7026143790849673 0.22113022113022113 0.6977124183006536 0.21375921375921375 0.6944444444444444 0.2113022113022113 0.6862745098039216 0.19901719901719903 0.6813725490196079 0.19164619164619165 0.6813725490196079 0.18181818181818182 0.6715686274509803 0.18181818181818182 0.6650326797385621 0.1941031941031941 0.6584967320261438 0.19656019656019655 0.6519607843137255 0.19901719901719903 0.6519607843137255 0.20147420147420148 0.6568627450980392 0.20393120393120392 0.6503267973856209 0.20884520884520885 0.6503267973856209 0.21621621621621623 0.6470588235294118 0.22604422604422605 0.6405228758169934 0.22604422604422605 0.6372549019607843 0.2285012285012285 0.6421568627450981 0.23587223587223588 0.6388888888888888 0.2334152334152334 0.6274509803921569 0.24078624078624078 0.6258169934640523 0.24324324324324326 0.6290849673202614 0.24815724815724816 0.6258169934640523 0.2457002457002457 0.630718954248366 0.25061425061425063 0.6339869281045751 0.25552825552825553 0.6290849673202614 0.25307125307125306 0.6258169934640523 0.26044226044226043 0.6290849673202614 0.2678132678132678 0.6241830065359477 0.2678132678132678 0.6209150326797386 0.28255528255528256 0.6111111111111112 0.28255528255528256 0.6062091503267973 0.28746928746928746 0.6029411764705882 0.28746928746928746 0.5996732026143791 0.28255528255528256 0.5980392156862745 0.28746928746928746 0.5947712418300654 0.28501228501228504 0.5931372549019608 0.27764127764127766 0.5947712418300654 0.2702702702702703 0.5931372549019608 0.2678132678132678 0.5980392156862745 0.257985257985258 0.5964052287581699 0.25061425061425063 0.5980392156862745 0.24815724815724816 0.5964052287581699 0.25061425061425063 0.5898692810457516 0.257985257985258 0.5931372549019608 0.26044226044226043 0.5882352941176471 0.257985257985258 0.5866013071895425 0.24324324324324326 0.5866013071895425 0.2285012285012285 0.5833333333333334 0.2285012285012285 0.576797385620915 0.2334152334152334 0.5686274509803921 0.23832923832923833 0.565359477124183 0.25307125307125306 0.565359477124183 0.257985257985258 0.5669934640522876 0.2678132678132678 0.5588235294117647 0.2751842751842752 0.5588235294117647 0.2800982800982801 0.5637254901960784 0.28746928746928746 0.5604575163398693 0.28746928746928746 0.5522875816993464 0.29238329238329236 0.5441176470588235 0.28992628992628994 0.5228758169934641 0.3046683046683047 0.5147058823529411 0.3022113022113022 0.5130718954248366 0.3046683046683047 0.5098039215686274 0.3095823095823096 0.511437908496732 0.3194103194103194 0.5081699346405228 0.32186732186732187 0.5098039215686274 0.32678132678132676 0.5081699346405228 0.3366093366093366 0.5098039215686274 0.35135135135135137 0.5081699346405228 0.3538083538083538 0.5065359477124183 0.35135135135135137 0.4934640522875817 0.35872235872235875 0.49019607843137253 0.36609336609336607 0.49673202614379086 0.3783783783783784 0.49673202614379086 0.3808353808353808 0.49836601307189543 0.3955773955773956 0.4950980392156863 0.39803439803439805 0.49673202614379086 0.40294840294840295 0.4950980392156863 0.40786240786240785 0.49673202614379086 0.4103194103194103 0.4950980392156863 0.4103194103194103 0.48856209150326796 0.40786240786240785 0.4869281045751634 0.40294840294840295 0.48856209150326796 0.4004914004914005 0.4852941176470588 0.40786240786240785 0.47875816993464054 0.40786240786240785 0.4722222222222222 0.41277641277641275 0.47549019607843135 0.4226044226044226 0.47549019607843135 0.4250614250614251 0.4738562091503268 0.4176904176904177 0.46895424836601307 0.4275184275184275 0.4591503267973856 0.4250614250614251 0.45751633986928103 0.41277641277641275 0.4591503267973856 0.41277641277641275 0.45588235294117646 0.4201474201474201 0.4477124183006536 0.4226044226044226 0.4493464052287582 0.4275184275184275 0.4477124183006536 0.42997542997543 0.4411764705882353 0.4348894348894349 0.4444444444444444 0.4398034398034398 0.4444444444444444 0.44471744471744473 0.4411764705882353 0.44471744471744473 0.43790849673202614 0.44963144963144963 0.4362745098039216 0.44471744471744473 0.43137254901960786 0.4520884520884521 0.42810457516339867 0.457002457002457 0.4166666666666667 0.45454545454545453 0.4150326797385621 0.45454545454545453 0.4019607843137255 0.4643734643734644 0.40032679738562094 0.4594594594594595 0.39705882352941174 0.4692874692874693 0.39215686274509803 0.47665847665847666 0.3839869281045752 0.4914004914004914 0.38235294117647056 0.4963144963144963 0.3790849673202614 0.4963144963144963 0.37254901960784315 0.5061425061425061 0.36764705882352944 0.5085995085995086 0.3611111111111111 0.5135135135135135 0.36437908496732024 0.515970515970516 0.3627450980392157 0.5135135135135135 0.35947712418300654 0.515970515970516 0.34967320261437906 0.5110565110565111 0.3480392156862745 0.5257985257985258 0.34477124183006536 0.5282555282555282 0.3382352941176471 0.5233415233415234 0.33169934640522875 0.5257985257985258 0.3284313725490196 0.5233415233415234 0.31699346405228757 0.5257985257985258 0.31209150326797386 0.538083538083538 0.30392156862745096 0.538083538083538 0.29411764705882354 0.5405405405405406 0.29248366013071897 0.538083538083538 0.2826797385620915 0.5307125307125307 0.27941176470588236 0.5307125307125307 0.26633986928104575 0.5356265356265356 0.2647058823529412 0.5307125307125307 0.2630718954248366 0.5307125307125307 0.25 0.5331695331695332 0.24673202614379086 0.5257985257985258 0.2434640522875817 0.5233415233415234 0.238562091503268 0.5257985257985258 0.23366013071895425 0.5085995085995086 0.2222222222222222 0.5012285012285013 0.21895424836601307 0.4963144963144963 0.21895424836601307 0.49385749385749383 0.21405228758169934 0.4864864864864865 0.2107843137254902 0.48402948402948404 0.21241830065359477 0.48157248157248156 0.2042483660130719 0.4692874692874693 0.19607843137254902 0.4594594594594595 0.1830065359477124 0.44471744471744473 0.17647058823529413 0.44226044226044225 0.17320261437908496 0.44471744471744473 0.15196078431372548 0.44226044226044225 0.1503267973856209 0.44226044226044225 0.1437908496732026 0.4348894348894349 0.1388888888888889 0.44226044226044225 0.13398692810457516
0 0.5847665847665847 0.315359477124183 0.5872235872235873 0.31699346405228757 0.5896805896805897 0.315359477124183 0.6093366093366094 0.315359477124183 0.6167076167076168 0.31699346405228757 0.6216216216216216 0.3235294117647059 0.6191646191646192 0.32679738562091504 0.6216216216216216 0.3333333333333333 0.6117936117936118 0.33986928104575165 0.6093366093366094 0.34477124183006536 0.5921375921375921 0.3480392156862745 0.5823095823095823 0.34477124183006536 0.5773955773955773 0.3480392156862745 0.5823095823095823 0.34477124183006536 0.5798525798525799 0.3431372549019608 0.5675675675675675 0.3431372549019608 0.5552825552825553 0.3480392156862745 0.5503685503685504 0.34477124183006536 0.5552825552825553 0.3415032679738562 0.542997542997543 0.3349673202614379 0.5454545454545454 0.33169934640522875 0.5577395577395577 0.3284313725490196 0.5601965601965602 0.3235294117647059 0.5700245700245701 0.32189542483660133 0.5749385749385749 0.315359477124183 0.5823095823095823 0.315359477124183
0 0 0.9591503267973857 0.002457002457002457 0.9607843137254902 0.007371007371007371 0.9591503267973857 0.012285012285012284 0.9607843137254902 0.022113022113022112 0.9673202614379085 0.029484029484029485 0.9673202614379085 0.04176904176904177 0.9803921568627451 0.04914004914004914 0.9836601307189542 0.056511056511056514 0.9836601307189542 0.056511056511056514 0.988562091503268 0.06388206388206388 0.9918300653594772 0.07125307125307126 0.9934640522875817 0.07371007371007371 0.9918300653594772 0.07616707616707617 0.988562091503268 0.07371007371007371 0.9771241830065359 0.07616707616707617 0.9771241830065359 0.08353808353808354 0.9852941176470589 0.08108108108108109 0.9901960784313726 0.085995085995086 0.9934640522875817 0.085995085995086 0.9950980392156863 0.08108108108108109 0.9950980392156863 0.07616707616707617 0.9983660130718954 0.07125307125307126 0.9950980392156863 0.06633906633906633 0.9983660130718954 0.02457002457002457 0.9983660130718954 0.019656019656019656 0.9950980392156863 0.014742014742014743 0.9983660130718954 0.002457002457002457 0.9983660130718954 0 0.9950980392156863 0 0.9607843137254902
0 0.5405405405405406 0.4215686274509804 0.5503685503685504 0.42320261437908496 0.5601965601965602 0.42810457516339867 0.5601965601965602 0.43137254901960786 0.5552825552825553 0.43300653594771243 0.538083538083538 0.43300653594771243 0.5307125307125307 0.4362745098039216 0.515970515970516 0.4362745098039216 0.5135135135135135 0.434640522875817 0.515970515970516 0.4297385620915033 0.538083538083538 0.42320261437908496
0 0.49385749385749383 0.5032679738562091 0.4963144963144963 0.5049019607843137 0.5208845208845209 0.5049019607843137 0.5356265356265356 0.5098039215686274 0.5405405405405406 0.5130718954248366 0.5405405405405406 0.5163398692810458 0.5356265356265356 0.5163398692810458 0.5184275184275184 0.5228758169934641 0.49385749385749383 0.5245098039215687 0.4864864864864865 0.5294117647058824 0.48402948402948404 0.5277777777777778 0.4742014742014742 0.5277777777777778 0.4692874692874693 0.5245098039215687 0.4619164619164619 0.5261437908496732 0.4594594594594595 0.5277777777777778 0.4619164619164619 0.5343137254901961 0.4692874692874693 0.5375816993464052 0.4864864864864865 0.5343137254901961 0.48894348894348894 0.5359477124183006 0.48894348894348894 0.5424836601307189 0.48157248157248156 0.545751633986928 0.47665847665847666 0.545751633986928 0.4619164619164619 0.553921568627451 0.4398034398034398 0.5522875816993464 0.43243243243243246 0.5555555555555556 0.4152334152334152 0.5571895424836601 0.4103194103194103 0.5604575163398693 0.3906633906633907 0.5604575163398693 0.3832923832923833 0.5637254901960784 0.3783783783783784 0.5620915032679739 0.3783783783783784 0.5571895424836601 0.3857493857493858 0.5522875816993464 0.3931203931203931 0.5522875816993464 0.39803439803439805 0.5490196078431373 0.4103194103194103 0.5506535947712419 0.41277641277641275 0.545751633986928 0.4176904176904177 0.545751633986928 0.4226044226044226 0.5424836601307189 0.4201474201474201 0.5375816993464052 0.4226044226044226 0.5343137254901961 0.42997542997543 0.5326797385620915 0.42997542997543 0.5359477124183006 0.4348894348894349 0.5408496732026143 0.44471744471744473 0.5408496732026143 0.45454545454545453 0.5359477124183006 0.457002457002457 0.5326797385620915 0.4520884520884521 0.5294117647058824 0.44226044226044225 0.5277777777777778 0.43734643734643736 0.5326797385620915 0.4348894348894349 0.5277777777777778 0.4275184275184275 0.5261437908496732 0.44471744471744473 0.5179738562091504 0.45454545454545453 0.5081699346405228 0.4668304668304668 0.5081699346405228 0.4742014742014742 0.5049019607843137 0.4914004914004914 0.5032679738562091
0 0.6707616707616708 0.3709150326797386 0.687960687960688 0.3758169934640523 0.6928746928746928 0.3790849673202614 0.6977886977886978 0.3790849673202614 0.7027027027027027 0.38235294117647056 0.7027027027027027 0.38562091503267976 0.6781326781326781 0.3839869281045752 0.6511056511056511 0.3741830065359477 0.6486486486486487 0.37254901960784315 0.6560196560196561 0.3709150326797386 0.6683046683046683 0.3709150326797386
0 0.44963144963144963 0.13398692810457516 0.4520884520884521 0.13725490196078433 0.47174447174447176 0.13398692810457516 0.48157248157248156 0.1437908496732026 0.48402948402948404 0.14705882352941177 0.48157248157248156 0.1503267973856209 0.4864864864864865 0.15522875816993464 0.4864864864864865 0.15849673202614378 0.4742014742014742 0.16339869281045752 0.47665847665847666 0.16830065359477125 0.4864864864864865 0.16993464052287582 0.48894348894348894 0.1650326797385621 0.4963144963144963 0.16339869281045752 0.5036855036855037 0.17320261437908496 0.5085995085995086 0.16993464052287582 0.5184275184275184 0.1781045751633987 0.5257985257985258 0.1781045751633987 0.5282555282555282 0.18627450980392157 0.542997542997543 0.19607843137254902 0.547911547911548 0.20261437908496732 0.547911547911548 0.20751633986928106 0.5528255528255528 0.2107843137254902 0.5577395577395577 0.2107843137254902 0.5749385749385749 0.22549019607843138 0.6044226044226044 0.24019607843137256 0.6216216216216216 0.25163398692810457 0.6339066339066339 0.25326797385620914 0.6461916461916462 0.26633986928104575 0.6511056511056511 0.2679738562091503 0.6486486486486487 0.27124183006535946 0.6511056511056511 0.2761437908496732 0.6535626535626535 0.2777777777777778 0.6584766584766585 0.2761437908496732 0.6535626535626535 0.2777777777777778 0.6658476658476659 0.28104575163398693 0.6658476658476659 0.28431372549019607 0.6756756756756757 0.28921568627450983 0.6756756756756757 0.29901960784313725 0.6732186732186732 0.3006535947712418 0.6584766584766585 0.28921568627450983 0.6535626535626535 0.28921568627450983 0.6486486486486487 0.29248366013071897 0.6486486486486487 0.2957516339869281 0.6412776412776413 0.2908496732026144 0.6363636363636364 0.2908496732026144 0.628992628992629 0.29411764705882354 0.6167076167076168 0.29411764705882354 0.6142506142506142 0.29248366013071897 0.6117936117936118 0.29411764705882354 0.6142506142506142 0.29901960784313725 0.6191646191646192 0.2973856209150327 0.628992628992629 0.3022875816993464 0.6240786240786241 0.3055555555555556 0.628992628992629 0.3104575163398693 0.6314496314496314 0.3088235294117647 0.6437346437346437 0.31209150326797386 0.6412776412776413 0.315359477124183 0.6216216216216216 0.3137254901960784 0.6191646191646192 0.31209150326797386 0.6044226044226044 0.3137254901960784 0.597051597051597 0.3088235294117647 0.5872235872235873 0.2973856209150327 0.5823095823095823 0.2973856209150327 0.5773955773955773 0.3006535947712418 0.5798525798525799 0.3022875816993464 0.5724815724815725 0.30718954248366015 0.5651105651105651 0.30392156862745096 0.5675675675675675 0.2957516339869281 0.5577395577395577 0.2908496732026144 0.5577395577395577 0.2875816993464052 0.5528255528255528 0.28594771241830064 0.5503685503685504 0.28104575163398693 0.542997542997543 0.27941176470588236 0.5356265356265356 0.27124183006535946 0.5282555282555282 0.2679738562091503 0.5307125307125307 0.2630718954248366 0.542997542997543 0.25980392156862747 0.5503685503685504 0.2549019607843137 0.547911547911548 0.24673202614379086 0.5454545454545454 0.24509803921568626 0.542997542997543 0.24673202614379086 0.538083538083538 0.2434640522875817 0.5307125307125307 0.2369281045751634 0.5307125307125307 0.23366013071895425 0.5135135135135135 0.2238562091503268 0.5085995085995086 0.21895424836601307 0.5085995085995086 0.21568627450980393 0.5036855036855037 0.21241830065359477 0.4987714987714988 0.21241830065359477 0.4963144963144963 0.20261437908496732 0.4914004914004914 0.19934640522875818 0.4864864864864865 0.20098039215686275 0.47911547911547914 0.19934640522875818 0.4692874692874693 0.19117647058823528 0.4668304668304668 0.18627450980392157 0.45454545454545453 0.1781045751633987 0.45454545454545453 0.17320261437908496 0.44963144963144963 0.16830065359477125 0.44717444717444715 0.15522875816993464 0.44471744471744473 0.15359477124183007 0.44717444717444715 0.1503267973856209 0.4398034398034398 0.14052287581699346 0.4398034398034398 0.13725490196078433 0.44717444717444715 0.13398692810457516
0 0.49385749385749383 0.5637254901960784 0.4963144963144963 0.565359477124183 0.5061425061425061 0.565359477124183 0.5356265356265356 0.5702614379084967 0.5331695331695332 0.576797385620915 0.49385749385749383 0.5866013071895425 0.4668304668304668 0.5849673202614379 0.4594594594594595 0.5816993464052288 0.42997542997543 0.5784313725490197 0.4201474201474201 0.5735294117647058 0.4250614250614251 0.5702614379084967 0.43734643734643736 0.5686274509803921 0.44471744471744473 0.565359477124183 0.4914004914004914 0.5637254901960784
0 0.2702702702702703 0.9330065359477124 0.28501228501228504 0.9362745098039216 0.28992628992628994 0.934640522875817 0.2972972972972973 0.9379084967320261 0.3022113022113022 0.9379084967320261 0.3046683046683047 0.9411764705882353 0.33415233415233414 0.954248366013072 0.343980343980344 0.9607843137254902 0.35135135135135137 0.9624183006535948 0.37346437346437344 0.9738562091503268 0.3955773955773956 0.9803921568627451 0.4004914004914005 0.9869281045751634 0.4103194103194103 0.9934640522875817 0.4103194103194103 0.9983660130718954 0.36609336609336607 0.9983660130718954 0.36363636363636365 0.9967320261437909 0.343980343980344 0.9967320261437909 0.3415233415233415 0.9950980392156863 0.26044226044226043 0.9950980392156863 0.257985257985258 0.9934640522875817 0.24815724815724816 0.9950980392156863 0.2457002457002457 0.9901960784313726 0.25307125307125306 0.9787581699346405 0.25307125307125306 0.9607843137254902 0.25552825552825553 0.9591503267973857 0.25307125307125306 0.9411764705882353 0.25552825552825553 0.9379084967320261 0.26044226044226043 0.9362745098039216 0.2628992628992629 0.9379084967320261 0.2678132678132678 0.934640522875817
0 0.4864864864864865 0.20261437908496732 0.4914004914004914 0.20588235294117646 0.4914004914004914 0.20915032679738563 0.5061425061425061 0.21895424836601307 0.5061425061425061 0.2222222222222222 0.5036855036855037 0.2222222222222222 0.4987714987714988 0.21895424836601307 0.49385749385749383 0.21895424836601307 0.4864864864864865 0.21568627450980393 0.48894348894348894 0.20915032679738563 0.4864864864864865 0.2042483660130719
0 0.18181818181818182 0.761437908496732 0.18427518427518427 0.761437908496732 0.18673218673218672 0.7663398692810458 0.19656019656019655 0.7696078431372549 0.20147420147420148 0.7696078431372549 0.20884520884520885 0.7663398692810458 0.22358722358722358 0.7663398692810458 0.22604422604422605 0.7679738562091504 0.23095823095823095 0.7794117647058824 0.23095823095823095 0.8022875816993464 0.22113022113022113 0.8104575163398693 0.19901719901719903 0.8186274509803921 0.1941031941031941 0.8186274509803921 0.18673218673218672 0.8235294117647058 0.18181818181818182 0.8235294117647058 0.171990171990172 0.8169934640522876 0.1597051597051597 0.8169934640522876 0.1547911547911548 0.8120915032679739 0.1547911547911548 0.8088235294117647 0.14742014742014742 0.8071895424836601 0.12530712530712532 0.7924836601307189 0.13513513513513514 0.7859477124183006 0.15233415233415235 0.7843137254901961 0.15724815724815724 0.7810457516339869 0.17444717444717445 0.7761437908496732 0.18181818181818182 0.7712418300653595 0.17936117936117937 0.7679738562091504 0.18181818181818182 0.7630718954248366
0 0.4963144963144963 0.4150326797385621 0.5012285012285013 0.41830065359477125 0.5085995085995086 0.4166666666666667 0.5110565110565111 0.41830065359477125 0.5135135135135135 0.4166666666666667 0.5257985257985258 0.4166666666666667 0.5257985257985258 0.41830065359477125 0.5061425061425061 0.42320261437908496 0.5036855036855037 0.4297385620915033 0.5012285012285013 0.4264705882352941 0.4963144963144963 0.4264705882352941 0.4914004914004914 0.434640522875817 0.49385749385749383 0.43300653594771243 0.4914004914004914 0.4297385620915033 0.48157248157248156 0.434640522875817 0.44963144963144963 0.434640522875817 0.44717444717444715 0.43137254901960786 0.4643734643734644 0.42483660130718953 0.47174447174447176 0.42483660130718953 0.48402948402948404 0.4199346405228758 0.4914004914004914 0.4199346405228758 0.4963144963144963 0.4166666666666667
0 0.4619164619164619 0.45588235294117646 0.4692874692874693 0.4526143790849673 0.48157248157248156 0.4526143790849673 0.4987714987714988 0.46405228758169936 0.4987714987714988 0.46895424836601307 0.4864864864864865 0.47549019607843135 0.4864864864864865 0.47875816993464054 0.48402948402948404 0.477124183006536 0.47911547911547914 0.4803921568627451 0.47665847665847666 0.47875816993464054 0.4668304668304668 0.47875816993464054 0.4643734643734644 0.4803921568627451 0.47174447174447176 0.48366013071895425 0.4594594594594595 0.48366013071895425 0.45454545454545453 0.4803921568627451 0.45454545454545453 0.46568627450980393 0.4619164619164619 0.45751633986928103
0 0.3464373464373464 0.7467320261437909 0.35626535626535627 0.7450980392156863 0.35872235872235875 0.7467320261437909 0.3783783783783784 0.7483660130718954 0.3857493857493858 0.7532679738562091 0.3882063882063882 0.7598039215686274 0.3955773955773956 0.7647058823529411 0.4152334152334152 0.7712418300653595 0.4201474201474201 0.7794117647058824 0.4201474201474201 0.7875816993464052 0.41277641277641275 0.7973856209150327 0.40786240786240785 0.7973856209150327 0.4004914004914005 0.8006535947712419 0.3832923832923833 0.8006535947712419 0.371007371007371 0.803921568627451 0.33906633906633904 0.803921568627451 0.33415233415233414 0.8006535947712419 0.32923832923832924 0.7810457516339869 0.3366093366093366 0.7745098039215687 0.3464373464373464 0.7483660130718954
0 0.3882063882063882 0.5277777777777778 0.3931203931203931 0.5294117647058824 0.3931203931203931 0.5343137254901961 0.3882063882063882 0.5359477124183006 0.3931203931203931 0.5375816993464052 0.3882063882063882 0.5424836601307189 0.3931203931203931 0.545751633986928 0.4103194103194103 0.545751633986928 0.42997542997543 0.5375816993464052 0.43734643734643736 0.5408496732026143 0.4520884520884521 0.5359477124183006 0.45454545454545453 0.5375816993464052 0.4594594594594595 0.5343137254901961 0.4619164619164619 0.5375816993464052 0.48157248157248156 0.5392156862745098 0.4864864864864865 0.5424836601307189 0.47911547911547914 0.545751633986928 0.4742014742014742 0.545751633986928 0.4643734643734644 0.5555555555555556 0.45454545454545453 0.5571895424836601 0.45454545454545453 0.5604575163398693 0.4668304668304668 0.5637254901960784 0.48894348894348894 0.5637254901960784 0.49385749385749383 0.5669934640522876 0.5085995085995086 0.5669934640522876 0.5208845208845209 0.5702614379084967 0.5307125307125307 0.5686274509803921 0.5331695331695332 0.5735294117647058 0.5257985257985258 0.576797385620915 0.5208845208845209 0.576797385620915 0.515970515970516 0.5800653594771242 0.5061425061425061 0.5816993464052288 0.5012285012285013 0.5849673202614379 0.4914004914004914 0.5866013071895425 0.4864864864864865 0.5849673202614379 0.47911547911547914 0.5866013071895425 0.4619164619164619 0.5816993464052288 0.44963144963144963 0.5816993464052288 0.44717444717444715 0.5800653594771242 0.4226044226044226 0.5800653594771242 0.4103194103194103 0.5898692810457516 0.3857493857493858 0.5931372549019608 0.3759213759213759 0.5964052287581699 0.35872235872235875 0.5964052287581699 0.3538083538083538 0.5915032679738562 0.35872235872235875 0.5833333333333334 0.371007371007371 0.5800653594771242 0.3832923832923833 0.5735294117647058 0.3759213759213759 0.5669934640522876 0.35872235872235875 0.5637254901960784 0.3538083538083538 0.5604575163398693 0.3538083538083538 0.5571895424836601 0.35872235872235875 0.553921568627451 0.36855036855036855 0.5522875816993464 0.3759213759213759 0.5473856209150327 0.3808353808353808 0.5473856209150327 0.3882063882063882 0.5424836601307189 0.3808353808353808 0.5392156862745098 0.3857493857493858 0.5359477124183006 0.3857493857493858 0.5294117647058824
0 0.29238329238329236 0.16339869281045752 0.28501228501228504 0.16830065359477125 0.25552825552825553 0.17483660130718953 0.23587223587223588 0.17483660130718953 0.24324324324324326 0.16993464052287582 0.2727272727272727 0.16339869281045752 0.28992628992628994 0.16339869281045752
0 0.4914004914004914 0.4624183006535948 0.5036855036855037 0.46568627450980393 0.5012285012285013 0.4722222222222222 0.49385749385749383 0.477124183006536 0.48894348894348894 0.47549019607843135 0.48157248157248156 0.47875816993464054 0.4594594594594595 0.4803921568627451 0.457002457002457 0.47875816993464054 0.4594594594594595 0.4722222222222222 0.47665847665847666 0.46568627450980393 0.48894348894348894 0.46405228758169936
0 0.5700245700245701 0.2679738562091503 0.5921375921375921 0.272875816993464 0.5896805896805897 0.27450980392156865 0.5651105651105651 0.2761437908496732 0.5503685503685504 0.27941176470588236 0.542997542997543 0.27941176470588236 0.5405405405405406 0.27450980392156865 0.5528255528255528 0.2696078431372549 0.5675675675675675 0.2679738562091503
0 0.5945945945945946 0.4166666666666667 0.5995085995085995 0.4215686274509804 0.5921375921375921 0.42810457516339867 0.5773955773955773 0.42810457516339867 0.5798525798525799 0.4215686274509804 0.5921375921375921 0.4166666666666667
0 0.6363636363636364 0.2875816993464052 0.628992628992629 0.29248366013071897 0.6191646191646192 0.29248366013071897 0.6167076167076168 0.28921568627450983 0.6339066339066339 0.2875816993464052
0 0.5601965601965602 0.29248366013071897 0.5896805896805897 0.29411764705882354 0.5995085995085995 0.28921568627450983 0.6117936117936118 0.28921568627450983 0.6167076167076168 0.2957516339869281 0.6240786240786241 0.2973856209150327 0.6265356265356266 0.3006535947712418 0.6265356265356266 0.3055555555555556 0.6191646191646192 0.3104575163398693 0.6117936117936118 0.3104575163398693 0.6044226044226044 0.3137254901960784 0.5823095823095823 0.3137254901960784 0.5700245700245701 0.3202614379084967 0.5577395577395577 0.3202614379084967 0.5405405405405406 0.3235294117647059 0.5454545454545454 0.32189542483660133 0.5405405405405406 0.31699346405228757 0.5454545454545454 0.3137254901960784 0.5454545454545454 0.3088235294117647 0.5601965601965602 0.2973856209150327 0.5601965601965602 0.29411764705882354
0 0.6044226044226044 0.29901960784313725 0.6142506142506142 0.3022875816993464 0.6216216216216216 0.3006535947712418 0.6240786240786241 0.3022875816993464 0.6191646191646192 0.30718954248366015 0.6191646191646192 0.31209150326797386 0.6142506142506142 0.315359477124183 0.6068796068796068 0.315359477124183 0.5921375921375921 0.3202614379084967 0.5601965601965602 0.3202614379084967 0.5528255528255528 0.31699346405228757 0.5577395577395577 0.31699346405228757 0.5724815724815725 0.30392156862745096 0.5872235872235873 0.3006535947712418 0.601965601965602 0.3006535947712418
0 0.5945945945945946 0.37254901960784315 0.597051597051597 0.3758169934640523 0.5896805896805897 0.380718954248366 0.5651105651105651 0.380718954248366 0.5626535626535627 0.38235294117647056 0.5528255528255528 0.38235294117647056 0.5503685503685504 0.3790849673202614 0.5528255528255528 0.3741830065359477 0.5601965601965602 0.3741830065359477 0.5675675675675675 0.3709150326797386 0.5896805896805897 0.3709150326797386 0.5921375921375921 0.37254901960784315
0 0.6437346437346437 0.3137254901960784 0.6511056511056511 0.31699346405228757 0.6437346437346437 0.3202614379084967 0.628992628992629 0.3202614379084967 0.6240786240786241 0.31699346405228757 0.6412776412776413 0.3137254901960784
0 0.41277641277641275 0.6062091503267973 0.4176904176904177 0.6078431372549019 0.4176904176904177 0.6127450980392157 0.40294840294840295 0.6160130718954249 0.3931203931203931 0.6225490196078431 0.3857493857493858 0.6241830065359477 0.37346437346437344 0.630718954248366 0.36117936117936117 0.6323529411764706 0.35135135135135137 0.6372549019607843 0.3488943488943489 0.6356209150326797 0.3095823095823096 0.6437908496732027 0.3022113022113022 0.6421568627450981 0.2972972972972973 0.6437908496732027 0.2678132678132678 0.6421568627450981 0.26044226044226043 0.6388888888888888 0.2628992628992629 0.6339869281045751 0.28501228501228504 0.6290849673202614 0.28992628992628994 0.6258169934640523 0.29975429975429974 0.6258169934640523 0.3095823095823096 0.6225490196078431 0.32678132678132676 0.6209150326797386 0.343980343980344 0.6143790849673203 0.3538083538083538 0.6143790849673203 0.3759213759213759 0.6078431372549019 0.3783783783783784 0.6094771241830066 0.3906633906633907 0.6094771241830066 0.4103194103194103 0.6062091503267973
0 0.16216216216216217 0.9183006535947712 0.16461916461916462 0.9199346405228758 0.16707616707616707 0.9183006535947712 0.16953316953316952 0.9199346405228758 0.18427518427518427 0.9199346405228758 0.1941031941031941 0.923202614379085 0.20393120393120392 0.9379084967320261 0.24815724815724816 0.9673202614379085 0.25061425061425063 0.9803921568627451 0.24324324324324326 0.988562091503268 0.23095823095823095 0.9950980392156863 0.22113022113022113 0.9950980392156863 0.21867321867321868 0.9967320261437909 0.21375921375921375 0.9950980392156863 0.20393120393120392 0.9983660130718954 0.14742014742014742 0.9983660130718954 0.14250614250614252 0.9950980392156863 0.12776412776412777 0.9950980392156863 0.12530712530712532 0.9934640522875817 0.10565110565110565 0.9967320261437909 0.09336609336609336 0.9967320261437909 0.09090909090909091 0.9950980392156863 0.029484029484029485 0.9950980392156863 0.02457002457002457 0.9983660130718954 0.019656019656019656 0.9950980392156863 0.014742014742014743 0.9967320261437909 0.009828009828009828 0.9950980392156863 0.012285012285012284 0.9820261437908496 0.007371007371007371 0.9722222222222222 0.007371007371007371 0.9640522875816994 0.02457002457002457 0.9493464052287581 0.03931203931203931 0.9444444444444444 0.051597051597051594 0.9428104575163399 0.09336609336609336 0.9281045751633987 0.10810810810810811 0.9264705882352942 0.13022113022113022 0.9199346405228758 0.1597051597051597 0.9183006535947712
0 0.6314496314496314 0.36764705882352944 0.6412776412776413 0.369281045751634 0.6461916461916462 0.37254901960784315 0.6191646191646192 0.37745098039215685 0.6093366093366094 0.3741830065359477 0.6117936117936118 0.369281045751634 0.6191646191646192 0.3660130718954248 0.628992628992629 0.36764705882352944
0 0.44963144963144963 0.6388888888888888 0.4594594594594595 0.6470588235294118 0.4692874692874693 0.6486928104575164 0.47174447174447176 0.6470588235294118 0.48157248157248156 0.6552287581699346 0.49385749385749383 0.6552287581699346 0.4963144963144963 0.6584967320261438 0.5036855036855037 0.6584967320261438 0.5110565110565111 0.6617647058823529 0.5307125307125307 0.6650326797385621 0.5601965601965602 0.6797385620915033 0.5847665847665847 0.6862745098039216 0.5995085995085995 0.6944444444444444 0.628992628992629 0.7058823529411765 0.6461916461916462 0.7156862745098039 0.6511056511056511 0.7222222222222222 0.6535626535626535 0.7271241830065359 0.6461916461916462 0.7369281045751634 0.6388206388206388 0.7369281045751634 0.6339066339066339 0.7336601307189542 0.6191646191646192 0.7303921568627451 0.5823095823095823 0.7303921568627451 0.5749385749385749 0.7271241830065359 0.5651105651105651 0.7271241830065359 0.5626535626535627 0.7254901960784313 0.5601965601965602 0.7271241830065359 0.5528255528255528 0.7238562091503268 0.542997542997543 0.7238562091503268 0.5307125307125307 0.7189542483660131 0.5012285012285013 0.7124183006535948 0.47665847665847666 0.7009803921568627 0.44963144963144963 0.6944444444444444 0.44471744471744473 0.6879084967320261 0.43734643734643736 0.6895424836601307 0.4348894348894349 0.6862745098039216 0.4348894348894349 0.6748366013071896 0.43734643734643736 0.673202614379085 0.44226044226044225 0.6715686274509803 0.457002457002457 0.6715686274509803 0.4668304668304668 0.6797385620915033 0.48157248157248156 0.6699346405228758 0.48157248157248156 0.6650326797385621 0.47665847665847666 0.6617647058823529 0.4594594594594595 0.6519607843137255 0.4520884520884521 0.6519607843137255 0.44717444717444715 0.6486928104575164 0.4398034398034398 0.6405228758169934 0.44226044226044225 0.6372549019607843 0.44717444717444715 0.6388888888888888
0 0.4176904176904177 0.630718954248366 0.4176904176904177 0.6339869281045751 0.41277641277641275 0.6356209150326797 0.41277641277641275 0.6421568627450981 0.40786240786240785 0.6503267973856209 0.3931203931203931 0.6584967320261438 0.3882063882063882 0.6486928104575164 0.37346437346437344 0.6486928104575164 0.371007371007371 0.6503267973856209 0.3759213759213759 0.6535947712418301 0.3759213759213759 0.6568627450980392 0.37346437346437344 0.6535947712418301 0.36609336609336607 0.6568627450980392 0.36609336609336607 0.6633986928104575 0.371007371007371 0.6683006535947712 0.3808353808353808 0.6683006535947712 0.3931203931203931 0.673202614379085 0.40540540540540543 0.6748366013071896 0.4275184275184275 0.6895424836601307 0.4250614250614251 0.6977124183006536 0.41277641277641275 0.7075163398692811 0.3882063882063882 0.738562091503268 0.3808353808353808 0.7434640522875817 0.35135135135135137 0.7401960784313726 0.3366093366093366 0.7450980392156863 0.32923832923832924 0.7450980392156863 0.32432432432432434 0.75 0.3095823095823096 0.75 0.3071253071253071 0.7532679738562091 0.29975429975429974 0.75 0.29484029484029484 0.7532679738562091 0.28746928746928746 0.7532679738562091 0.28255528255528256 0.7565359477124183 0.2727272727272727 0.7565359477124183 0.2628992628992629 0.761437908496732 0.257985257985258 0.761437908496732 0.25061425061425063 0.7663398692810458 0.24815724815724816 0.7647058823529411 0.23587223587223588 0.7761437908496732 0.23832923832923833 0.7794117647058824 0.23587223587223588 0.7794117647058824 0.2334152334152334 0.7745098039215687 0.22604422604422605 0.7777777777777778 0.21867321867321868 0.7728758169934641 0.2113022113022113 0.7728758169934641 0.21375921375921375 0.7679738562091504 0.20638820638820637 0.7630718954248366 0.20638820638820637 0.7581699346405228 0.21375921375921375 0.7532679738562091 0.2113022113022113 0.7483660130718954 0.21375921375921375 0.7467320261437909 0.2285012285012285 0.7467320261437909 0.2334152334152334 0.7516339869281046 0.23587223587223588 0.7483660130718954 0.25061425061425063 0.7467320261437909 0.25307125307125306 0.7450980392156863 0.25307125307125306 0.7369281045751634 0.24324324324324326 0.7336601307189542 0.25552825552825553 0.7287581699346405 0.2751842751842752 0.7320261437908496 0.28255528255528256 0.7320261437908496 0.28501228501228504 0.7287581699346405 0.28992628992628994 0.7320261437908496 0.29484029484029484 0.7320261437908496 0.3022113022113022 0.7254901960784313 0.2972972972972973 0.7222222222222222 0.28746928746928746 0.7222222222222222 0.28501228501228504 0.7205882352941176 0.28501228501228504 0.7140522875816994 0.29484029484029484 0.7156862745098039 0.29975429975429974 0.7140522875816994 0.3095823095823096 0.7222222222222222 0.3144963144963145 0.7205882352941176 0.32923832923832924 0.7107843137254902 0.32432432432432434 0.7058823529411765 0.32678132678132676 0.696078431372549 0.3488943488943489 0.6813725490196079 0.3488943488943489 0.6781045751633987 0.3316953316953317 0.6683006535947712 0.32923832923832924 0.6584967320261438 0.3316953316953317 0.6568627450980392 0.33415233415233414 0.6584967320261438 0.343980343980344 0.6503267973856209 0.3488943488943489 0.6503267973856209 0.35872235872235875 0.6454248366013072 0.36855036855036855 0.6470588235294118 0.3906633906633907 0.6372549019607843 0.39803439803439805 0.6356209150326797 0.40294840294840295 0.6372549019607843 0.40786240786240785 0.6323529411764706 0.4152334152334152 0.6323529411764706